datetime	row_index	timestamp_iso	timestamp_unix	prompt_tokens	kv_len	generated_tokens	elapsed_seconds	tokens_per_second	prompt_start_to_prompt_start_seconds	max_context_tokens	max_kv_size	repetition_window	loop_detection_mode	prefill_start_offset	memory_architecture	memory_device_name	memory_max_buffer_length	memory_max_recommended_working_set_size	memory_memory_size	memory_resource_limit	free_bytes	active_bytes	specul_bytes	inactive_bytes	throttle_bytes	wired_bytes	prgable_bytes	faults_bytes	copy_bytes	0fill_bytes	reactive_bytes	purged_bytes	file-backed_bytes	anonymous_bytes	cmprssed_bytes	cmprssor_bytes	dcomprs_bytes	comprs_bytes	pageins_bytes	pageout_bytes
2026-01-28 00:23:11																					266403840	24019599360	0	11617026048	561119232	379420672	39649280	3144548352	0	0	18948243456	29622272000	39086702592	19875315712	0	0	64307200	0	0	0
2026-01-28 00:23:12																					273809408	24199872512	0	11474632704	590446592	366870528	17252352	112640000	0	0	19121242112	29771120640	39086686208	19875315712	16384	0	176668672	0	0	0
2026-01-28 00:23:13																					269025280	24368709632	0	11381145600	607125504	268697600	2801664	61341696	0	0	19305922560	29842849792	39086669824	19875315712	16384	0	177946624	0	0	0
2026-01-28 00:23:14																					271777792	24532516864	0	11253891072	605765632	286605312	12124160	67846144	0	0	19485376512	29964615680	39086669824	19875315712	0	0	177864704	0	0	0
2026-01-28 00:23:15																					275136512	24709103616	0	11138842624	615989248	237191168	2392064	49397760	0	0	19665813504	30078205952	39086669824	19875315712	0	0	178798592	0	0	0
2026-01-28 00:23:16																					276119552	24886460416	0	11527716864	617070592	284606464	12288000	328384512	0	0	19844775936	30016815104	39086669824	19875315712	0	0	179437568	0	0	0
2026-01-28 00:23:17																					276856832	25025921024	0	11556552704	615972864	257835008	1409024	81248256	0	0	20013432832	29973823488	39086538752	19875217408	131072	0	164986880	0	0	0
2026-01-28 00:23:18																					283656192	25178357760	0	11488493568	616693760	227852288	950272	54165504	0	16384	20185055232	30029414400	39086538752	19875217408	0	0	171868160	0	0	0
2026-01-28 00:23:19																					283197440	25349849088	0	11519459328	614875136	283295744	12550144	67469312	0	0	20356366336	29998235648	39086538752	19875217408	0	0	169787392	0	0	0
2026-01-28 00:23:20																					293240832	25495535616	0	12594839552	524058624	417775616	14385152	640516096	0	2752512	20540096512	29542678528	39086522368	19875217408	16384	0	181714944	0	0	0
2026-01-28 00:23:21																					289849344	25670418432	0	12589973504	524386304	355500032	19775488	72417280	802816	0	20723908608	29529866240	39086522368	19875217408	0	0	181796864	0	0	0
2026-01-28 00:23:22																					287653888	25834782720	0	12543787008	549240832	260767744	1720320	78757888	0	16384	20889042944	29576298496	39086522368	19875217408	0	0	161857536	0	0	0
2026-01-28 00:23:23																					293175296	25959464960	0	13096927232	558448640	237682688	13336576	594280448	0	0	21019459584	29658644480	39086522368	19875217408	0	0	127205376	0	0	0
2026-01-28 00:23:24																					290144256	26077134848	0	13094256640	558219264	168034304	950272	43155456	0	0	21135736832	29661986816	39086522368	19875217408	0	0	112836608	0	0	0
2026-01-28 00:23:25																					300007424	26181812224	0	13061947392	558399488	278593536	22446080	74121216	0	0	21250965504	29692248064	39086522368	19875217408	0	0	119586816	0	0	0
2026-01-28 00:23:26																					297943040	26273431552	0	13093453824	539508736	192757760	4866048	56016896	0	0	21349335040	29646782464	39086522368	19875217408	0	0	97484800	0	0	0
2026-01-28 00:23:27																					306364416	26356383744	0	13079232512	549388288	208846848	12369920	82919424	0	0	21440937984	29657579520	39086522368	19875217408	0	0	90996736	0	0	0
2026-01-28 00:23:28																					302383104	26478002176	0	13083017216	548978688	186777600	1359872	53149696	0	0	21561245696	29658021888	39086522368	19875217408	0	0	118996992	0	0	0
2026-01-28 00:23:29																					297353216	26596098048	0	13692928000	548651008	220233728	13500416	586727424	0	0	21674508288	29655580672	39086505984	19875217408	16384	0	109051904	0	0	0
2026-01-28 00:23:30																					301268992	26684932096	0	13663764480	558268416	136724480	950272	42188800	0	0	21767290880	29684482048	39086505984	19875217408	0	0	91930624	0	0	0
2026-01-28 00:23:32																					301187072	26869170176	0	13759987712	538181632	247005184	13844480	86016000	0	0	21981118464	29578231808	39086505984	19875217408	0	0	115441664	0	0	0
2026-01-28 00:23:33																					305922048	26874265600	0	13760495616	537608192	150700032	950272	46415872	0	0	22079520768	29452288000	39086489600	19875217408	16384	0	103628800	0	0	0
2026-01-28 00:23:34																					315817984	26941685760	0	14431240192	479428608	263356416	12517376	638222336	0	32768	22199975936	29377101824	39086489600	19875217408	0	0	118538240	0	0	0
2026-01-28 00:23:35																					308215808	27069562880	0	14317551616	556875776	185991168	950272	51036160	0	32768	22322200576	29490544640	39086489600	19875217408	0	0	119291904	0	0	0
2026-01-28 00:23:36																					305446912	27190476800	0	14270152704	556367872	231997440	12025856	56377344	0	0	22440574976	29538156544	39086489600	19875217408	0	0	116031488	0	0	0
2026-01-28 00:23:37																					305315840	27311128576	0	14283145216	556040192	202522624	1720320	72908800	0	0	22561161216	29541793792	39086489600	19875217408	0	0	118358016	0	0	0
2026-01-28 00:23:38																					315260928	27409907712	0	14286700544	557367296	197443584	11976704	54870016	0	0	22672261120	29535813632	39086489600	19875217408	0	0	113000448	0	0	0
2026-01-28 00:23:39																					312885248	27480342528	0	14373453824	486719488	180207616	950272	54296576	0	16384	22786441216	29454319616	39086489600	19875217408	0	0	110428160	0	0	0
2026-01-28 00:23:40																					310165504	27592507392	0	14992244736	534183936	210862080	12320768	586072064	0	0	22896197632	29460889600	39086489600	19875217408	0	0	107134976	0	0	0
2026-01-28 00:23:41																					316522496	27686338560	0	14950088704	546930688	151207936	2392064	45957120	0	0	22996484096	29503258624	39086489600	19875217408	0	0	101892096	0	0	0
2026-01-28 00:23:42																					320815104	27784462336	0	14917206016	558170112	226082816	12173312	85147648	0	0	23098949632	29536026624	39086489600	19875217408	0	0	101941248	0	0	0
2026-01-28 00:23:43																					320995328	27907194880	0	14930788352	544636928	179257344	2277376	45252608	0	0	23221846016	29521821696	39086489600	19875217408	0	0	121700352	0	0	0
2026-01-28 00:23:44																					321437696	28018196480	0	14879686656	555302912	171769856	950272	51150848	0	0	23335059456	29567647744	39086489600	19875217408	0	0	111656960	0	0	0
2026-01-28 00:23:45																					315670528	28141125632	0	14858240000	569917440	226443264	13516800	58261504	0	0	23452336128	29586767872	39086489600	19875217408	0	0	113033216	0	0	0
2026-01-28 00:23:46																					323223552	28242903040	0	15487926272	570507264	156041216	1359872	577191936	0	0	23561830400	29571858432	39086489600	19875217408	0	0	110968832	0	0	0
2026-01-28 00:23:47																					322715648	28350824448	0	15505440768	570130432	236077056	12500992	84656128	0	0	23669293056	29553426432	39086489600	19875217408	0	0	106283008	0	0	0
2026-01-28 00:23:48																					323551232	28464807936	0	15492890624	570081280	162906112	950272	41926656	0	0	23784685568	29560700928	39086489600	19875217408	0	0	111198208	0	0	0
2026-01-28 00:23:49																					330121216	28575973376	0	15523217408	559300608	221708288	12288000	59392000	0	0	23902437376	29529800704	39086489600	19875217408	0	0	119504896	0	0	0
2026-01-28 00:23:50																					331792384	28685254656	0	15511470080	554713088	172081152	950272	54345728	0	2785280	24013422592	29539385344	39086489600	19875217408	0	0	110559232	0	0	0
2026-01-28 00:23:51																					324681728	28813377536	0	16115056640	555335680	225263616	11927552	586792960	524288	0	24134500352	29530161152	39086456832	19875217408	32768	0	115245056	0	0	0
2026-01-28 00:23:53																					331563008	29051781120	0	16137093120	555352064	207831040	11894784	53968896	0	0	24379801600	29526523904	39086456832	19875217408	0	0	118390784	0	0	0
2026-01-28 00:23:54																					331022336	29153460224	0	16108486656	554369024	164806656	950272	43712512	0	9437184	24493342720	29509369856	39086456832	19875217408	0	0	112967680	0	0	0
2026-01-28 00:23:55																					333004800	29263937536	0	16156180480	543571968	195510272	6782976	57950208	0	0	24605982720	29488709632	39086456832	19875217408	0	0	109723648	0	0	0
2026-01-28 00:23:56																					333479936	29386964992	0	16712548352	563740672	195870720	6520832	578273280	0	0	24729419776	29549854720	39086456832	19875217408	0	0	123092992	0	0	0
2026-01-28 00:23:57																					334528512	29502865408	0	16737943552	566689792	198705152	1310720	73842688	0	0	24846352384	29525278720	39086456832	19875217408	0	0	113065984	0	0	0
2026-01-28 00:23:58																					344113152	29609033728	0	16770367488	555204608	219316224	12353536	65978368	0	0	24962318336	29493526528	39086358528	19875184640	98304	0	117735424	0	0	0
2026-01-28 00:23:59																					339886080	29719986176	0	16772448256	553746432	163741696	950272	46776320	0	0	25069256704	29493182464	39086358528	19875184640	0	0	104546304	0	0	0
2026-01-28 00:24:00																					342196224	29811900416	0	16780623872	544309248	212500480	12222464	64372736	0	0	25176276992	29484417024	39086358528	19875184640	0	0	108265472	0	0	0
2026-01-28 00:24:01																					343179264	29919870976	0	16717758464	545734656	177618944	3719168	51478528	0	0	25286328320	29549101056	39086358528	19875184640	0	0	108052480	0	0	0
2026-01-28 00:24:02																					344670208	30030004224	0	17389191168	554450944	241811456	12599296	617922560	0	0	25398018048	29489741824	39086358528	19875184640	0	0	111034368	0	0	0
2026-01-28 00:24:03																					341786624	30119854080	0	17472126976	479690752	213336064	966656	86605824	0	0	25512771584	29415522304	39086358528	19875184640	0	0	110379008	0	0	0
2026-01-28 00:24:04																					368771072	30220189696	0	17361715200	523354112	206716928	12369920	62324736	0	0	25640173568	29519052800	39086325760	19875168256	32768	0	105644032	0	0	0
2026-01-28 00:24:05																					375832576	30331387904	0	17346707456	570408960	170393600	950272	50692096	0	16384	25758973952	29536550912	39085375488	19874971648	950272	0	112345088	0	0	0
2026-01-28 00:24:06																					384516096	30336516096	0	17405313024	544555008	604553216	22364160	339460096	0	16384	25863192576	29501341696	39085342720	19874938880	32768	0	104267776	0	0	0
2026-01-28 00:24:07																					376750080	30455873536	0	17979342848	565280768	499138560	2162688	829210624	0	0	25974964224	29604741120	39085342720	19874938880	0	0	110100480	0	0	0
2026-01-28 00:24:08																					383270912	30545068032	0	17987256320	555532288	609746944	12124160	473088000	16384	0	26070695936	29745627136	39085342720	19874938880	0	0	95666176	0	0	0
2026-01-28 00:24:09																					382713856	30611111936	0	18069684224	494075904	602882048	950272	504922112	0	0	26160070656	29833396224	39085342720	19874938880	0	0	84770816	0	0	0
2026-01-28 00:24:10																					382730240	30643912704	0	18558795776	538853376	464404480	6930432	678526976	0	16384	26234404864	29755211776	39085326336	19874938880	16384	0	76283904	0	0	0
2026-01-28 00:24:11																					388513792	30715904000	0	18399002624	546144256	158105600	6668288	58507264	0	0	26312228864	29921394688	39085326336	19874938880	0	0	72728576	0	0	0
2026-01-28 00:24:12																					384303104	30798577664	0	18001788928	563822592	273842176	1310720	150011904	0	32768	26390839296	30334795776	39085326336	19874938880	0	0	83116032	0	0	0
2026-01-28 00:24:14																					380993536	30933155840	0	17965416448	581746688	115638272	2392064	46039040	0	0	26522124288	30376886272	39085326336	19874938880	0	0	58687488	0	0	0
2026-01-28 00:24:15																					384417792	31034802176	0	18619957248	562561024	195461120	11829248	584007680	0	16384	26627440640	30341939200	39085326336	19874938880	0	0	101040128	0	0	0
2026-01-28 00:24:16																					387170304	31129550848	0	18588909568	573554688	162545664	2277376	53837824	0	16384	26724941824	30376312832	39085326336	19874938880	0	0	99762176	0	0	0
2026-01-28 00:24:17																					394919936	31234228224	0	18606817280	571408384	231260160	12288000	83640320	0	0	26837417984	30358011904	39085326336	19874938880	0	0	114606080	0	0	0
2026-01-28 00:24:18																					391249920	31345344512	0	18609635328	570687488	158269440	950272	42074112	0	0	26944897024	30257217536	39085326336	19874938880	0	0	104382464	0	0	0
2026-01-28 00:24:19																					396951552	31444008960	0	18604949504	569982976	196231168	12222464	54689792	0	0	27049279488	30256676864	39085326336	19874938880	0	0	104136704	0	0	0
2026-01-28 00:24:20																					390578176	31563939840	0	18604507136	567672832	169836544	950272	44449792	16384	3801088	27162853376	30254104576	39085326336	19874938880	0	0	111935488	0	0	0
2026-01-28 00:24:21																					398999552	31656968192	0	19196002304	569982976	186073088	12222464	581517312	573440	16384	27264368640	30280155136	39085326336	19874938880	0	0	102629376	0	0	0
2026-01-28 00:24:22																					393117696	31774343168	0	19231358976	555384832	248709120	5636096	91635712	0	32768	27375878144	30249992192	39085326336	19874938880	0	0	108052480	0	0	0
2026-01-28 00:24:23																					394592256	31884853248	0	19254083584	545374208	160268288	966656	43499520	0	0	27487862784	30227939328	39085326336	19874938880	0	0	105709568	0	0	0
2026-01-28 00:24:24																					402522112	31980257280	0	19247005696	545488896	195919872	13418496	54689792	0	0	27591196672	30234083328	39085326336	19874938880	0	0	107708416	0	0	0
2026-01-28 00:24:25																					405979136	32096206848	0	19237568512	555515904	170311680	1359872	46596096	0	0	27710636032	30243848192	39085326336	19874938880	0	0	116768768	0	0	0
2026-01-28 00:24:26																					398278656	32212680704	0	19830423552	554713088	210518016	12107776	583434240	0	0	27819442176	30243471360	39085309952	19874922496	16384	0	106119168	0	0	0
2026-01-28 00:24:27																					407126016	32322306048	0	19825524736	556974080	264355840	6225920	97107968	0	0	27938095104	30266703872	39085309952	19874922496	0	0	120176640	0	0	0
2026-01-28 00:24:28																					409436160	32429260800	0	19788742656	545751040	214679552	13877248	59457536	0	0	28047409152	30300012544	39085309952	19874922496	0	0	107839488	0	0	0
2026-01-28 00:24:29																					402325504	32535052288	0	19830620160	554811392	169541632	983040	44433408	0	0	28159787008	30230052864	39085309952	19874922496	0	0	109248512	0	0	0
2026-01-28 00:24:30																					408600576	32646152192	0	19841892352	555646976	207077376	12042240	53936128	0	0	28277161984	30236131328	39085309952	19874922496	0	0	120963072	0	0	0
2026-01-28 00:24:31																					407011328	32759496704	0	20477476864	555548672	166789120	1359872	576077824	0	49152	28388933632	30231183360	39085309952	19874922496	0	0	107020288	0	0	0
2026-01-28 00:24:32																					407093248	32877854720	0	20472053760	556859392	260931584	13762560	92946432	0	0	28507373568	30240686080	39085309952	19874922496	0	0	107315200	0	0	0
2026-01-28 00:24:33																					413351936	32989462528	0	20496629760	545734656	161398784	950272	43253760	0	0	28625240064	30212702208	39085309952	19874922496	0	0	125960192	0	0	0
2026-01-28 00:24:35																					417382400	33203798016	0	20498513920	546619392	157007872	950272	43909120	0	344064	28843737088	30213505024	39085309952	19874922496	0	0	112672768	0	0	0
2026-01-28 00:24:36																					414597120	33320288256	0	20476968960	558235648	167493632	1245184	43319296	0	32768	28957458432	30235525120	39085309952	19874922496	0	0	109543424	0	0	0
2026-01-28 00:24:37																					416137216	33426849792	0	20460175360	569720832	250150912	13533184	94486528	0	0	29066313728	30253236224	39085309952	19874922496	0	0	109363200	0	0	0
2026-01-28 00:24:38																					420003840	33532968960	0	21084962816	560627712	155664384	950272	574160896	0	0	29176299520	30238179328	39085293568	19874922496	16384	0	110526464	0	0	0
2026-01-28 00:24:39																					415891456	33651621888	0	21174452224	490766336	222625792	11796480	62406656	0	0	29290840064	30148804608	39085293568	19874922496	0	0	110329856	0	0	0
2026-01-28 00:24:40																					422084608	33752924160	0	21059518464	569393152	152895488	1376256	43384832	0	0	29398351872	30262771712	39085260800	19874922496	32768	0	106496000	0	0	0
2026-01-28 00:24:42																					421314560	33857257472	0	21157724160	540213248	536264704	16351232	312311808	0	0	29501980672	30132797440	39085228032	19874889728	32768	0	103743488	0	0	0
2026-01-28 00:24:43																					429047808	33966784512	0	21091581952	558399488	191463424	1310720	71909376	0	0	29619240960	30198661120	39085211648	19874889728	16384	0	116572160	0	0	0
2026-01-28 00:24:44																					423624704	34083045376	0	21698445312	552960000	235143168	13746176	598556672	0	0	29730160640	30186291200	39085211648	19874889728	0	0	109264896	0	0	0
2026-01-28 00:24:45																					423493632	34199191552	0	21701885952	555089920	174948352	1900544	45563904	0	0	29847453696	30170431488	39085211648	19874889728	0	0	115294208	0	0	0
2026-01-28 00:24:46																					423706624	34314944512	0	21679079424	565510144	216481792	12156928	57245696	0	0	29963485184	30191353856	39085211648	19874889728	0	0	115146752	0	0	0
2026-01-28 00:24:47																					450592768	34433073152	0	21700804608	569098240	195067904	3571712	60588032	0	16384	30109663232	29487349760	39085211648	19874889728	0	0	117784576	0	0	0
2026-01-28 00:24:48																					449380352	34577776640	0	21713829888	559398912	521699328	2949120	322994176	0	0	30254039040	29562519552	39085211648	19874889728	0	0	114524160	0	0	0
2026-01-28 00:24:49																					397426688	34685927424	0	22278144000	558301184	224378880	13172736	597540864	81920	163840	30311579648	29598253056	39085211648	19874889728	0	0	111034368	0	0	0
2026-01-28 00:24:50																					282984448	34807463936	0	22285516800	578142208	188612608	1359872	50200576	1720320	2850816	30321459200	29585309696	39085211648	19874889728	0	0	126631936	114688	0	0
2026-01-28 00:24:51																					131416064	34914516992	0	22263037952	576569344	341540864	15269888	92045312	606208	163840	30286807040	29634084864	39085080576	19874873344	131072	0	124354560	262144	0	0
2026-01-28 00:24:52																					26902528	34966077440	0	22330146816	564871168	444858368	6979584	181698560	0	32768	30196531200	29663805440	39085064192	19874856960	16384	0	121257984	32768	0	0
2026-01-28 00:24:53																					43974656	34951184384	0	22351937536	573358080	267894784	14467072	91226112	0	196608	30210064384	29628841984	39085064192	19874856960	0	0	128221184	32768	0	0
2026-01-28 00:24:54																					42369024	34947497984	0	22310010880	564477952	176701440	950272	52297728	0	98304	30204772352	29676322816	39085064192	19874856960	0	0	116736000	49152	0	0
2026-01-28 00:24:55																					36405248	34334916608	0	22909239296	574521344	224395264	11730944	595968000	0	98304	29586227200	29696032768	39085064192	19874856960	0	0	108249088	0	0	0
2026-01-28 00:24:57																					35258368	34333474816	0	22833889280	576634880	199081984	11894784	53166080	0	32768	29584965632	29772906496	39085064192	19874856960	0	0	108019712	98304	0	0
2026-01-28 00:24:58																					33521664	34334834688	0	22907469824	566919168	192495616	1310720	75530240	0	9519104	29584850944	29689430016	39085064192	19874856960	0	0	109494272	360448	0	0
2026-01-28 00:24:59																					36962304	34327117824	0	22971138048	553582592	253607936	1359872	58900480	0	65536	29581066240	29622763520	39085064192	19874856960	0	0	113410048	311296	0	0
2026-01-28 00:25:00																					34848768	33742307328	0	23516692480	566788096	342556672	12075008	602505216	0	901120	29009952768	29663707136	39085064192	19874856960	0	0	116539392	49152	0	0
2026-01-28 00:25:01																					33800192	33748140032	0	23508041728	554631168	170459136	950272	52363264	0	32768	29014753280	29672423424	39085015040	19874856960	49152	0	108281856	0	0	0
2026-01-28 00:25:02																					68091904	33688305664	0	23532503040	556269568	239927296	13713408	66519040	0	245760	28991488000	29665542144	39085015040	19874856960	0	0	114163712	163840	0	0
2026-01-28 00:25:03																					87490560	33679818752	0	23503994880	555794432	693125120	1310720	74317824	0	65536	28991864832	29695098880	39085015040	19874856960	0	0	105332736	278528	0	0
2026-01-28 00:25:04																					123863040	32449052672	0	24854413312	486735872	311197696	12124160	1160183808	0	98304	27741470720	29592141824	39085015040	19874856960	0	0	109543424	180224	0	0
2026-01-28 00:25:05																					119635968	32439631872	0	24768479232	538787840	207044608	1359872	70123520	0	27705344	27750678528	29669097472	39084900352	19874840576	0	0	114032640	32768	0	0
2026-01-28 00:25:06																					124583936	32449773568	0	24783323136	512917504	213155840	11993088	51773440	0	18743296	27780022272	29634019328	39084900352	19874840576	0	0	120537088	16384	0	0
2026-01-28 00:25:07																					94076928	32469811200	0	24759533568	523157504	174768128	1753088	56246272	0	98304	27769552896	29659217920	39084900352	19874840576	0	0	110739456	425984	0	0
2026-01-28 00:25:08																					56786944	32519520256	0	24763498496	523239424	216236032	12419072	74121216	0	98304	27782201344	29647863808	39084900352	19874840576	0	0	101777408	212992	0	0
2026-01-28 00:25:09																					40992768	32525778944	0	24777719808	511836160	148029440	950272	42876928	0	65536	27772665856	29637623808	39084900352	19874840576	0	0	101875712	147456	0	0
2026-01-28 00:25:10																					38797312	31947866112	0	25444827136	449396736	218398720	12058624	599670784	0	32768	27192426496	29550084096	39084883968	19874840576	16384	0	102006784	131072	0	0
2026-01-28 00:25:11																					37519360	31950487552	0	25387991040	515080192	179339264	2375680	46448640	0	6258688	27199062016	29596057600	39084883968	19874840576	0	0	121257984	0	0	0
2026-01-28 00:25:12																					33226752	31969132544	0	25348489216	517357568	189857792	1310720	64192512	0	704512	27213742080	29633544192	39084883968	19874840576	0	0	111149056	114688	0	0
2026-01-28 00:25:13																					37126144	31944556544	0	25395986432	503545856	214220800	11943936	59441152	0	2228224	27194933248	29600382976	39084883968	19874840576	0	0	118685696	475136	0	0
2026-01-28 00:25:14																					16252928	31923027968	0	25484984320	473956352	205651968	1359872	51642368	0	65536	27153154048	29554147328	39084883968	19874840576	0	0	134332416	294912	0	0
2026-01-28 00:25:15																					35471360	31246794752	0	26159398912	465256448	237191168	13402112	599539712	0	10551296	26511540224	29518086144	39084883968	19874840576	0	0	120504320	81920	0	0
2026-01-28 00:25:16																					38076416	31251677184	0	26108870656	468566016	191283200	966656	82870272	0	0	26519519232	29561094144	39084785664	19874840576	98304	0	104611840	32768	0	0
2026-01-28 00:25:18																					38862848	31239979008	0	25770164224	511049728	190382080	950272	53510144	0	65536	26508623872	29905534976	39084785664	19874840576	0	0	124731392	147456	0	0
2026-01-28 00:25:19																					35241984	31243780096	0	25758384128	511229952	223117312	11960320	63356928	0	65536	26514178048	29911777280	39084785664	19874840576	0	0	119685120	344064	0	0
2026-01-28 00:25:20																					14008320	30694752256	0	26345029632	526073856	172441600	1359872	581140480	0	3964928	25943769088	29878976512	39084752896	19874840576	32768	0	111853568	344064	0	0
2026-01-28 00:25:21																					16973824	30707712000	0	26337001472	527630336	181567488	6455296	61128704	1048576	98304	25959153664	29893132288	39084752896	19874840576	0	0	98336768	16384	0	0
2026-01-28 00:25:22																					6930432	30668505088	0	26524844032	519847936	225296384	7077888	90341376	0	114688	25910378496	29752229888	39074136064	19873644544	9961472	0	101105664	0	0	0
2026-01-28 00:25:23																					22937600	29101785088	0	28110700544	469155840	1569538048	4243456	1393344512	0	53788672	24397938688	29702881280	39057375232	19868975104	16760832	0	34111488	0	0	0
2026-01-28 00:25:24																					60637184	25660194816	0	31335694336	368115712	3744104448	11911168	3020701696	0	172261376	21142585344	29737435136	39057375232	19868975104	0	0	344064	212992	0	0
2026-01-28 00:25:25																					86540288	25402687488	0	31319965696	378191872	2844393472	2392064	276430848	0	65536	20910964736	29988012032	39057375232	19868975104	0	0	27672576	81920	0	0
2026-01-28 00:25:26																					86917120	24931663872	0	32072695808	303415296	370442240	13549568	799211520	166887424	35422208	20670005248	29391814656	39220756480	19933151232	1097728	164478976	4849664	65536	0	0
2026-01-28 00:25:27																					86933504	24826281984	0	32247742464	271499264	98172928	1310720	327778304	90603520	27181056	20581482496	29259612160	39279722496	19957645312	147456	59113472	737280	212992	0	0
2026-01-28 00:25:28																					84230144	24829853696	0	32246857728	269221888	200343552	26230784	88817664	27852800	131072	20565884928	29294657536	39277232128	19957465088	4210688	1622016	1310720	114688	0	0
2026-01-28 00:25:29																					85688320	24923684864	0	32080969728	307757056	72679424	4243456	49299456	0	0	20567441408	29472063488	39277232128	19957465088	0	0	262144	0	0	0
2026-01-28 00:25:30																					77103104	24923045888	0	32094863360	302710784	100335616	12058624	53854208	0	32768	20558856192	29454106624	39277199360	19957448704	32768	0	212992	0	0	0
2026-01-28 00:25:31																					81969152	24932057088	0	32059736064	314998784	58097664	2392064	41975808	0	0	20564213760	29492494336	39277150208	19957448704	49152	0	262144	0	0	0
2026-01-28 00:25:32																					67665920	24936136704	0	32068861952	316997632	206569472	15351808	111378432	0	32768	20547092480	29381705728	39260897280	19949436928	16252928	0	573440	0	0	0
2026-01-28 00:25:33																					67764224	24934432768	0	32061472768	280444928	60325888	2490368	43827200	0	4194304	20547092480	29345677312	39260897280	19949436928	0	0	65536	0	0	0
2026-01-28 00:25:34																					67796992	24828346368	0	32345030656	171261952	107692032	966656	95518720	0	0	20547108864	29079666688	39260012544	19949060096	884736	0	16384	0	0	0
2026-01-28 00:25:35																					68550656	24828133376	0	32250380288	177963008	114720768	14008320	60489728	0	0	20547960832	29175496704	39259865088	19949060096	147456	0	278528	0	0	0
2026-01-28 00:25:36	1	2026-01-28T06:25:36.384253Z	1769603136.384253	114	114	555	10.568068166263402	52.51669380518708	None	16384	None	256	cheap	0	applegpu_g14s	Apple M2 Max	57982058496	77309411328	103079215104	499000	68550656	24827658240	0	32269221888	240369664	50200576	950272	39141376	0	0	20547960832	29159014400	39259815936	19949060096	49152	0	16384	0	0	0
2026-01-28 00:25:37																					68796416	24822939648	0	32249790464	242696192	148914176	12615680	100827136	0	294912	20548255744	29182279680	39259799552	19949060096	16384	0	376832	0	0	0
2026-01-28 00:25:39																					11239424	24921620480	0	32246513664	269402112	620986368	23248896	237191168	81920	229376	20515618816	29377495040	39250837504	19946618880	8945664	0	80969728	1064960	0	0
2026-01-28 00:25:40																					10600448	24836653056	0	32409321472	169476096	699498496	1130496	649936896	0	49152	20216758272	29491740672	39250558976	19946586112	278528	0	3489792	65536	0	0
2026-01-28 00:25:41																					11190272	24865996800	0	32306724864	224952320	572178432	13418496	519946240	0	9535488	20045348864	29760126976	39250509824	19946569728	49152	0	540672	0	0	0
2026-01-28 00:25:42																					10584064	24701419520	0	32698679296	247726080	500973568	1310720	828882944	0	65536	19615514624	29822844928	39249952768	19946455040	557056	0	49152	49152	0	0
2026-01-28 00:25:43																					10928128	24635654144	0	32827392000	217055232	132218880	14598144	73646080	0	98304	19580010496	29732962304	39248658432	19945799680	1130496	0	2211840	0	0	0
2026-01-28 00:25:44	2	2026-01-28T06:25:44.411273Z	1769603144.411273	220	220	407	7.924938917160034	51.3568627158393	10.75962037499994	16384	None	256	cheap	111	applegpu_g14s	Apple M2 Max	57982058496	77309411328	103079215104	499000	11141120	24723472384	0	32290160640	225673216	68091904	1458176	54263808	0	0	19578683392	30250467328	39248592896	19945783296	65536	0	32768	0	0	0
2026-01-28 00:25:45																					10518528	24868847616	0	32103612416	282230784	63635456	2408448	51118080	0	32768	19329171456	30451908608	39248592896	19945783296	0	0	114688	98304	0	0
2026-01-28 00:25:46																					12042240	24596938752	0	32665124864	259915776	120307712	13811712	73465856	0	0	19331891200	29902143488	39248150528	19945635840	442368	0	2179072	0	0	0
2026-01-28 00:25:47																					12173312	24617910272	0	32149110784	276987904	150683648	4603904	93093888	0	0	19332022272	30420762624	39248134144	19945635840	16384	0	147456	0	0	0
2026-01-28 00:25:48																					12288000	24679809024	0	32089538560	294223872	110100480	11911168	62603264	0	0	19332136960	30476910592	39248134144	19945635840	0	0	212992	0	0	0
2026-01-28 00:25:49																					12337152	24758894592	0	32107593728	290455552	64487424	966656	45252608	0	0	19332186112	30459592704	39248134144	19945635840	0	0	16384	0	0	0
2026-01-28 00:25:50																					12353536	24836374528	0	32111165440	288342016	103546880	12566528	55345152	0	2752512	19332202496	30464376832	39248134144	19945635840	0	0	229376	0	0	0
2026-01-28 00:25:51																					12599296	24778506240	0	32298811392	244482048	57835520	950272	45252608	868352	0	19331399680	30275747840	39246544896	19945209856	1212416	0	16384	0	0	0
2026-01-28 00:25:52																					12615680	24804835328	0	32248070144	277856256	134791168	12697600	85426176	0	0	19331416064	30322540544	39246528512	19945209856	16384	0	229376	0	0	0
2026-01-28 00:25:53																					12615680	24826413056	0	32107429888	281804800	64880640	1359872	50282496	0	0	19331416064	30361403392	39246528512	19945209856	0	0	32768	0	0	0
2026-01-28 00:25:54	3	2026-01-28T06:25:54.350552Z	1769603154.350552	469	469	498	9.880698165856302	50.40129671412154	7.983518457971513	16384	None	256	cheap	217	applegpu_g14s	Apple M2 Max	57982058496	77309411328	103079215104	499000	12845056	24746409984	0	32286539776	239665152	115343360	12255232	66961408	0	0	19331727360	30207442944	39245774848	19944783872	753664	0	212992	0	0	0
2026-01-28 00:25:55																					1572864	24714231808	0	32274071552	258293760	55476224	966656	48381952	294912	11436032	19246874624	30205132800	39245447168	19944718336	65536	0	524288	311296	0	0
2026-01-28 00:25:56																					3211264	24521457664	0	32770621440	247758848	71909376	1359872	155320320	0	0	19249332224	29822238720	39245152256	19944554496	294912	0	1785856	0	0	0
2026-01-28 00:25:57																					4030464	24572919808	0	32109019136	273334272	133136384	12337152	84967424	0	0	19250151424	30485577728	39245152256	19944554496	0	0	753664	0	0	0
2026-01-28 00:25:58																					4210688	24663834624	0	32124977152	281722880	67485696	950272	52183040	0	81920	19250331648	30472765440	39245086720	19944554496	65536	0	16384	0	0	0
2026-01-28 00:26:00	4	2026-01-28T06:26:00.228783Z	1769603160.228783	844	844	262	5.817077917046845	45.03979553586752	9.941455292049795	16384	None	256	cheap	466	applegpu_g14s	Apple M2 Max	57982058496	77309411328	103079215104	499000	6995968	24832114688	0	32307281920	284082176	145899520	5619712	65978368	0	0	19254771712	30474141696	39243579392	19944243200	1507328	0	1671168	0	0	0
2026-01-28 00:26:01																					7880704	24858640384	0	32123551744	269058048	101269504	11993088	57278464	0	5242880	19255672832	30486855680	39243579392	19944243200	0	0	212992	0	0	0
2026-01-28 00:26:02																					8470528	24570052608	0	32701267968	255918080	96059392	1753088	79872000	0	49152	19256475648	29907320832	39243366400	19944161280	212992	0	376832	0	0	0
2026-01-28 00:26:03																					9977856	24800903168	0	32135512064	271466496	126894080	12042240	68026368	0	376832	19260063744	30484299776	39242727424	19943981056	638976	0	2277376	0	0	0
2026-01-28 00:26:04																					15794176	24833884160	0	32203882496	186056704	111984640	2392064	92930048	0	0	19266043904	30388420608	39242498048	19943915520	229376	0	212992	0	0	0
2026-01-28 00:26:05																					15810560	24829575168	0	32158138368	245727232	66912256	2342912	50757632	0	4194304	19266125824	30442160128	39242481664	19943915520	16384	0	81920	0	0	0
2026-01-28 00:26:06	5	2026-01-28T06:26:06.793193Z	1769603166.793193	1015	1015	316	6.513330417219549	48.515886613794116	5.867801582906395	16384	None	256	cheap	841	applegpu_g14s	Apple M2 Max	57982058496	77309411328	103079215104	499000	15810560	24832933888	0	32129875968	248840192	94781440	10993664	51904512	0	0	19266076672	30464622592	39242465280	19943915520	16384	0	163840	0	0	0
2026-01-28 00:26:07																					16023552	24835260416	0	32133464064	240402432	88899584	2162688	75661312	0	0	19266289664	30454857728	39242432512	19943915520	32768	0	81920	0	0	0
2026-01-28 00:26:08																					16384000	24629985280	0	32703430656	230293504	383238144	12206080	304250880	0	0	19267813376	29931307008	39225573376	19940556800	16859136	0	1310720	0	0	0
2026-01-28 00:26:09																					16433152	24653381632	0	32180404224	241238016	112263168	950272	66502656	0	0	19267862528	30456184832	39225573376	19940556800	0	0	16384	0	0	0
2026-01-28 00:26:10																					16433152	24748179456	0	32248840192	185368576	113016832	12517376	63569920	0	32768	19267862528	30384259072	39225556992	19940556800	16384	0	229376	0	0	0
2026-01-28 00:26:11																					16465920	24837586944	0	32179208192	251461632	53805056	950272	42483712	0	49152	19267928064	30454677504	39225556992	19940556800	0	0	49152	0	0	0
2026-01-28 00:26:12																					16678912	24857739264	0	32137510912	253231104	168001536	22577152	85901312	0	16384	19268141056	30492049408	39225294848	19940540416	327680	0	393216	0	0	0
2026-01-28 00:26:13																					16744448	24775229440	0	32309919744	251559936	61636608	2310144	44072960	0	0	19268124672	30319329280	39225081856	19940507648	212992	0	65536	0	0	0
2026-01-28 00:26:14																					16793600	24844271616	0	32145244160	247676928	112672768	12058624	63963136	0	16384	19268141056	30466277376	39224836096	19940442112	245760	0	212992	0	0	0
2026-01-28 00:26:15	6	2026-01-28T06:26:15.243835Z	1769603175.243835	1236	1236	407	8.398663082625717	48.46009370729008	6.566647709347308	16384	None	256	cheap	1012	applegpu_g14s	Apple M2 Max	57982058496	77309411328	103079215104	499000	376832	24808407040	0	32487522304	226934784	53067776	950272	43073536	0	19922944	19185680384	30443995136	39224836096	19940442112	0	0	16384	1851392	0	0
2026-01-28 00:26:16																					1212416	24740888576	0	32165265408	226050048	52953088	1359872	44843008	0	1835008	19163971584	30334910464	39224836096	19940442112	0	0	557056	16384	0	0
2026-01-28 00:26:17																					2539520	24628609024	0	32709410816	204849152	146522112	12255232	185794560	0	0	19165708288	29901651968	39223721984	19939557376	475136	0	1556480	0	0	0
2026-01-28 00:26:18																					16990208	24623562752	0	32718864384	223428608	62439424	950272	49086464	0	0	19180158976	29899833344	39223541760	19939524608	180224	0	49152	0	0	0
2026-01-28 00:26:19																					16990208	24767348736	0	32160940032	242401280	115212288	12713984	62619648	0	16384	19180077056	30444322816	39223541760	19939524608	0	0	229376	0	0	0
2026-01-28 00:26:21																					17219584	24782094336	0	32173441024	241205248	99745792	12156928	51429376	884736	0	19180306432	30430937088	39223508992	19939508224	16384	0	229376	0	0	0
2026-01-28 00:26:22	7	2026-01-28T06:26:22.162448Z	1769603182.162448	1571	1571	307	6.8586058327928185	44.7612834859457	8.456739124841988	16384	None	256	cheap	1233	applegpu_g14s	Apple M2 Max	57982058496	77309411328	103079215104	499000	17416192	24778686464	0	32436649984	240959488	88408064	1720320	72695808	0	16384	19180503040	30421336064	39223508992	19939508224	0	0	49152	0	0	0
2026-01-28 00:26:23																					17432576	24785272832	0	32179306496	230490112	103841792	11976704	53297152	0	4194304	19180519424	30431772672	39219625984	19936886784	3883008	0	212992	0	0	0
2026-01-28 00:26:24																					17612800	24493096960	0	32730071040	211615744	69009408	0	56705024	0	0	19177832448	29769826304	39218528256	19936329728	163840	0	344064	0	0	0
2026-01-28 00:26:25																					17776640	24569987072	0	32176095232	226951168	116424704	15564800	55689216	0	0	19178012672	30321934336	39218511872	19936313344	16384	0	475136	0	0	0
2026-01-28 00:26:26																					17825792	24614518784	0	32184614912	241352704	54804480	950272	41975808	0	0	19178061824	30311317504	39218511872	19936313344	0	0	16384	0	0	0
2026-01-28 00:26:27																					17825792	24710578176	0	32250478592	241549312	180125696	12075008	98385920	0	0	19178160128	30296113152	39218511872	19936313344	0	0	229376	0	0	0
2026-01-28 00:26:28	8	2026-01-28T06:26:28.362079Z	1769603188.362079	1808	1808	272	6.121762415859848	44.43164917594985	6.914576500188559	16384	None	256	cheap	1568	applegpu_g14s	Apple M2 Max	57982058496	77309411328	103079215104	499000	18038784	24708825088	0	32203079680	243957760	59621376	1458176	45154304	0	0	19178274816	30289494016	39218495488	19936296960	16384	0	32768	0	0	0
2026-01-28 00:26:29																					19169280	24715411456	0	32194183168	229064704	57720832	2392064	44941312	0	0	19179405312	30294818816	39218495488	19936296960	0	0	65536	0	0	0
2026-01-28 00:26:30																					19349504	24511086592	0	32742850560	209338368	113967104	12107776	63717376	0	32768	19179913216	29763731456	39218479104	19936296960	16384	0	704512	0	0	0
2026-01-28 00:26:31																					19398656	24506384384	0	32734035968	211206144	64962560	2277376	46891008	0	0	19179962368	29771907072	39218331648	19936231424	147456	0	65536	0	0	0
2026-01-28 00:26:32																					19415040	24715149312	0	32195952640	226263040	133644288	12451840	83755008	0	0	19179995136	30309302272	39218331648	19936231424	0	0	229376	0	0	0
2026-01-28 00:26:33																					19382272	24722702336	0	32181108736	238829568	57262080	950272	44236800	0	5242880	19180060672	30321623040	39218315264	19936231424	16384	0	16384	0	0	0
2026-01-28 00:26:34																					19431424	24679071744	0	32286621696	174637056	151257088	12500992	99909632	0	0	19180093440	30226432000	39218118656	19936149504	196608	0	229376	0	0	0
2026-01-28 00:26:35																					35618816	24746000384	0	32188956672	261455872	216514560	2392064	173752320	0	32768	19196313600	30381408256	39217905664	19936051200	212992	0	14942208	0	0	0
2026-01-28 00:26:36	9	2026-01-28T06:26:36.772959Z	1769603196.772959	2034	2034	367	8.33954762481153	44.00718318438694	6.197233249899	16384	None	256	cheap	1805	applegpu_g14s	Apple M2 Max	57982058496	77309411328	103079215104	499000	35700736	24745181184	0	32186548224	252592128	100466688	12222464	52428800	0	0	19196395520	30373003264	39217905664	19936051200	0	0	212992	0	0	0
2026-01-28 00:26:37																					35880960	24735367168	0	32547422208	244891648	86573056	1720320	75825152	0	0	19196559360	30342660096	39217905664	19936051200	0	0	49152	0	0	0
2026-01-28 00:26:38																					35831808	24548884480	0	32766132224	234029056	58114048	950272	144261120	32768	0	19196575744	29802446848	39217659904	19935887360	245760	0	114688	0	0	0
2026-01-28 00:26:39																					35831808	24532500480	0	32777486336	235782144	102416384	12222464	53559296	0	0	19196575744	29793042432	39217643520	19935887360	16384	0	212992	0	0	0
2026-01-28 00:26:40																					35946496	24684707840	0	32306839552	189235200	56180736	1359872	40648704	32768	0	19196690432	30258528256	39217545216	19935870976	98304	0	32768	0	0	0
2026-01-28 00:26:42																					35979264	24734531584	0	32219611136	265371648	82886656	1310720	68567040	0	0	19196723200	30351654912	39217545216	19935870976	0	0	32768	0	0	0
2026-01-28 00:26:43																					35995648	24739069952	0	32134168576	265797632	96616448	11714560	50626560	0	0	19196739584	30446911488	39217545216	19935870976	0	0	212992	0	0	0
2026-01-28 00:26:44																					36012032	24736989184	0	32221822976	253657088	55721984	950272	43417600	0	0	19196739584	30349475840	39217545216	19935870976	0	0	16384	0	0	0
2026-01-28 00:26:45																					36044800	24737218560	0	32205930496	254459904	98779136	12091392	51183616	0	49152	19196788736	30362583040	39217545216	19935870976	0	0	212992	0	0	0
2026-01-28 00:26:46																					36749312	24708890624	0	32215908352	252116992	81756160	4243456	56197120	0	0	19197493248	30257168384	39217545216	19935870976	0	0	131072	0	0	0
2026-01-28 00:26:47																					36798464	24708349952	0	32207126528	257228800	132612096	12632064	82477056	0	0	19197542400	30269685760	39217512448	19935854592	32768	0	229376	0	0	0
2026-01-28 00:26:48																					36798464	24704352256	0	32225558528	255115264	53854208	950272	41451520	0	0	19197542400	30253858816	39217299456	19935821824	212992	0	16384	0	0	0
2026-01-28 00:26:49																					36798464	24703401984	0	32217251840	255426560	77365248	3719168	46546944	0	0	19197542400	30261477376	39217135616	19935805440	163840	0	98304	0	0	0
2026-01-28 00:26:50																					36831232	24702877696	0	32226131968	240582656	95174656	12124160	47923200	0	13238272	19197575168	30234296320	39217135616	19935805440	0	0	212992	0	0	0
2026-01-28 00:26:51	10	2026-01-28T06:26:51.556785Z	1769603211.556785	2387	2387	625	14.715571667067707	42.47201631987569	8.415363166015595	16384	None	256	cheap	2031	applegpu_g14s	Apple M2 Max	57982058496	77309411328	103079215104	499000	36913152	24703074304	0	32213745664	240795648	57425920	950272	41664512	442368	0	19197657088	30246191104	39215513600	19935215616	1622016	0	49152	0	0	0
2026-01-28 00:26:52																					2932736	24695832576	0	32629063680	243580928	160825344	14909440	92684288	0	131072	19153846272	30260887552	39215120384	19935051776	393216	0	1474560	344064	0	0
2026-01-28 00:26:53																					2572288	24516886528	0	32815955968	217448448	54968320	950272	143982592	0	0	19140853760	29786259456	39215071232	19935002624	49152	0	737280	0	0	0
2026-01-28 00:26:54																					2621440	24514215936	0	32749961216	234225664	101400576	12124160	53723136	0	0	19140886528	29854056448	39215071232	19935002624	0	0	212992	0	0	0
2026-01-28 00:26:55																					2703360	24597495808	0	32243908608	260276224	59604992	2277376	42319872	0	0	19140984832	30359552000	39215071232	19935002624	0	0	65536	0	0	0
2026-01-28 00:26:56																					2719744	24704892928	0	32232128512	260702208	97976320	11206656	52576256	0	0	19141001216	30379278336	39215071232	19935002624	0	0	196608	0	0	0
2026-01-28 00:26:57																					2785280	24749408256	0	32236634112	263634944	84951040	1310720	71630848	0	0	19141066752	30384128000	39215054848	19935002624	16384	0	32768	0	0	0
2026-01-28 00:26:58																					3112960	24737251328	0	32270041088	249643008	143736832	16285696	63946752	0	0	19141427200	30336974848	39215054848	19935002624	0	0	720896	0	0	0
2026-01-28 00:26:59																					3145728	24734629888	0	32251330560	246972416	60997632	950272	44744704	0	0	19141476352	30345265152	39215054848	19935002624	0	0	16384	0	0	0
2026-01-28 00:27:00																					4358144	24717819904	0	32284573696	249905152	55410688	950272	47644672	0	0	19140575232	30320525312	39214366720	19934953472	294912	0	344064	0	0	0
2026-01-28 00:27:01																					5586944	24714379264	0	32234455040	245596160	418381824	46678016	162906112	0	0	19142918144	30277107712	39213400064	19934658560	966656	0	3211264	0	0	0
2026-01-28 00:27:02	11	2026-01-28T06:27:02.481528Z	1769603222.481528	2980	2980	387	10.854013124946505	35.65501492812202	14.796071958728135	16384	None	256	cheap	2384	applegpu_g14s	Apple M2 Max	57982058496	77309411328	103079215104	499000																				
2026-01-28 00:27:03																					12730368	24695029760	0	32325844992	257409024	357023744	43909120	118177792	0	49152	19151945728	30338859008	39213383680	19934642176	16384	0	3309568	0	0	0
2026-01-28 00:27:04																					12713984	24488443904	0	32902365184	178831360	507543552	52101120	276070400	0	0	19153158144	29749084160	39213203456	19934576640	180224	0	4521984	0	0	0
2026-01-28 00:27:05																					12730368	24547295232	0	32249217024	262815744	346374144	42696704	103563264	0	0	19154173952	30401052672	39213203456	19934576640	0	0	3227648	0	0	0
2026-01-28 00:27:06																					13565952	24733827072	0	32279412736	267993088	379830272	38944768	121552896	0	0	19158335488	30365466624	39213203456	19934576640	0	0	6356992	0	0	0
2026-01-28 00:27:07																					14663680	24767119360	0	32248397824	277151744	244465664	23871488	117751808	0	0	19164807168	30407278592	39213203456	19934576640	0	0	7274496	0	0	0
2026-01-28 00:27:08																					14712832	24660852736	0	32499089408	259424256	56524800	950272	49004544	0	32768	19164856320	30205247488	39213203456	19934576640	0	0	16384	0	0	0
2026-01-28 00:27:09																					14729216	24604196864	0	32577896448	235454464	101515264	12091392	53608448	0	0	19164872704	30106419200	39213203456	19934576640	0	0	212992	0	0	0
2026-01-28 00:27:10																					14729216	24707399680	0	32371654656	207388672	57278464	1359872	42483712	0	16384	19164872704	30316068864	39213203456	19934576640	0	0	32768	0	0	0
2026-01-28 00:27:11																					14778368	24781996032	0	32222625792	276348928	69763072	6553600	39878656	0	2359296	19165020160	30449057792	39213203456	19934576640	0	0	114688	0	0	0
2026-01-28 00:27:12																					14909440	24714526720	0	32250478592	276152320	106364928	6979584	72744960	0	1048576	19165052928	30314250240	39212941312	19934494720	262144	0	131072	0	0	0
2026-01-28 00:27:13																					15040512	24729321472	0	32163397632	279330816	54886400	1359872	41140224	0	16384	19165184000	30400217088	39212941312	19934494720	0	0	32768	0	0	0
2026-01-28 00:27:14	12	2026-01-28T06:27:14.965744Z	1769603234.965744	3292	3292	486	12.401876249816269	39.187618890101405	10.924093250185251	16384	None	256	cheap	2977	applegpu_g14s	Apple M2 Max	57982058496	77309411328	103079215104	499000	15056896	24702763008	0	32279035904	275415040	100057088	12042240	52510720	0	0	19165184000	30285086720	39212941312	19934494720	0	0	212992	0	0	0
2026-01-28 00:27:15																					6012928	24706695168	0	32671956992	264716288	52363264	950272	44072960	81920	65536	19157270528	30280761344	39212433408	19934412800	376832	0	901120	1245184	0	0
2026-01-28 00:27:16																					7503872	24679546880	0	32348569600	274628608	232308736	16302080	92979200	0	65536	19145080832	30253842432	39212285952	19934396416	147456	0	6815744	163840	0	0
2026-01-28 00:27:17																					9289728	24509546496	0	32891437056	255950848	348176384	6062080	304250880	0	0	19147800576	29928587264	39211892736	19934232576	393216	0	1441792	0	0	0
2026-01-28 00:27:18																					9306112	24549785600	0	32348258304	257818624	116490240	11943936	67256320	0	0	19147816960	30475354112	39211892736	19934232576	0	0	212992	0	0	0
2026-01-28 00:27:19																					9928704	24703844352	0	32309297152	266518528	56180736	1359872	42237952	0	9437184	19148439552	30508040192	39211892736	19934232576	0	0	32768	0	0	0
2026-01-28 00:27:20																					9928704	24785256448	0	32279756800	274153472	99434496	12107776	51724288	0	2752512	19148537856	30536761344	39211876352	19934232576	16384	0	212992	0	0	0
2026-01-28 00:27:21																					10043392	24815599616	0	32270614528	275546112	54689792	966656	42008576	704512	0	19148554240	30540021760	39211876352	19934232576	0	0	16384	0	0	0
2026-01-28 00:27:22																					10289152	24864849920	0	32251035648	264634368	87900160	2637824	68386816	0	16384	19148800000	30540840960	39211876352	19934232576	0	0	81920	0	0	0
2026-01-28 00:27:24																					10387456	24820367360	0	32281378816	265748480	53985280	950272	41730048	0	0	19148881920	30516805632	39211876352	19934232576	0	0	16384	0	0	0
2026-01-28 00:27:25																					10436608	24820875264	0	32238092288	265338880	100499456	12419072	51265536	0	0	19148947456	30463213568	39211876352	19934232576	0	0	229376	0	0	0
2026-01-28 00:27:26																					10436608	24795545600	0	32277331968	264880128	53297152	950272	40845312	0	0	19148947456	30422712320	39211876352	19934232576	0	0	16384	0	0	0
2026-01-28 00:27:27																					10551296	24794808320	0	32294158336	264994816	137035776	15319040	78364672	0	0	19149062144	30402691072	39211876352	19934232576	0	0	442368	0	0	0
2026-01-28 00:27:28																					10551296	24794349568	0	32278413312	264060928	68239360	1359872	50135040	0	0	19149062144	30419861504	39210680320	19933855744	1196032	0	32768	0	0	0
2026-01-28 00:27:29																					11665408	24793350144	0	32284524544	265273344	108625920	13795328	54951936	0	0	19150176256	30417731584	39210680320	19933855744	0	0	262144	0	0	0
2026-01-28 00:27:30																					19349504	24790614016	0	32301301760	254099456	53248000	950272	41107456	0	9437184	19157860352	30392303616	39210680320	19933855744	0	0	16384	0	0	0
2026-01-28 00:27:31																					19349504	24789794816	0	32300367872	255115264	58195968	1359872	43646976	0	32768	19157860352	30393876480	39210680320	19933855744	0	0	32768	0	0	0
2026-01-28 00:27:32	13	2026-01-28T06:27:32.958979Z	1769603252.958979	3744	3744	723	17.92536845896393	40.3338989463533	12.481209707912058	16384	None	256	cheap	3289	applegpu_g14s	Apple M2 Max	57982058496	77309411328	103079215104	499000	19431424	24789434368	0	32294502400	255328256	127713280	12484608	77987840	0	16384	19157942272	30399561728	39210680320	19933855744	0	0	229376	0	0	0
2026-01-28 00:27:33																					10469376	24605622272	0	32859488256	252542976	64471040	950272	54722560	294912	65536	18859261952	30381146112	39210680320	19933855744	0	0	524288	573440	0	0
2026-01-28 00:27:34																					10551296	24354357248	0	33101234176	163758080	151207936	13631488	212516864	0	229376	18838142976	29901651968	39210680320	19933855744	0	0	1032192	16384	0	0
2026-01-28 00:27:35																					10600448	24380735488	0	32876675072	248692736	58458112	950272	47169536	0	262144	18838274048	29956653056	39210319872	19933675520	360448	0	98304	0	0	0
2026-01-28 00:27:36																					10616832	24432885760	0	32303955968	269287424	99958784	12075008	52445184	0	0	18838290432	30527684608	39210319872	19933675520	0	0	212992	0	0	0
2026-01-28 00:27:37																					10715136	24660115456	0	32321699840	285261824	86245376	1720320	71008256	0	0	18838388736	30512955392	39210319872	19933675520	0	0	65536	0	0	0
2026-01-28 00:27:38																					10747904	24662884352	0	32311099392	285065216	91750400	11091968	48136192	0	0	18838421504	30533009408	39210319872	19933675520	0	0	196608	0	0	0
2026-01-28 00:27:39																					10764288	24638144512	0	32367771648	222085120	64880640	950272	51003392	0	0	18838437888	30478057472	39210319872	19933675520	0	0	16384	0	0	0
2026-01-28 00:27:40																					10977280	24623333376	0	32395526144	252608512	108560384	13352960	55656448	0	0	18838650880	30438227968	39210254336	19933675520	65536	0	262144	0	0	0
2026-01-28 00:27:41																					10977280	24641830912	0	32339214336	272842752	52772864	950272	40828928	0	0	18838618112	30493720576	39210254336	19933675520	0	0	16384	0	0	0
2026-01-28 00:27:42																					10977280	24615583744	0	32305233920	274841600	88686592	2179072	72417280	0	0	18838667264	30432493568	39210237952	19933675520	16384	0	81920	0	0	0
2026-01-28 00:27:43																					10993664	24608555008	0	32326795264	273694720	99581952	11665408	53641216	0	1835008	18838618112	30412734464	39210237952	19933675520	0	0	180224	0	0	0
2026-01-28 00:27:45	14	2026-01-28T06:27:45.121056Z	1769603265.121056	4401	4401	463	12.080761459190398	38.32539873947882	18.005541833117604	16384	None	256	cheap	3741	applegpu_g14s	Apple M2 Max	57982058496	77309411328	103079215104	499000	11337728	24603361280	0	32705003520	272711680	97583104	12320768	54214656	0	0	18838978560	30407360512	39210221568	19933659136	16384	0	212992	0	0	0
2026-01-28 00:27:46																					11419648	24603181056	0	32335101952	278872064	54919168	1359872	45547520	0	0	18839060480	30408065024	39210221568	19933659136	0	0	32768	0	0	0
2026-01-28 00:27:47																					12075008	24319803392	0	32879280128	257179648	141869056	13877248	183648256	0	0	18836815872	29846847488	39210090496	19933560832	131072	0	376832	0	0	0
2026-01-28 00:27:48																					12075008	24350982144	0	32337756160	274432000	57917440	2408448	40828928	0	0	18836766720	30384635904	39210074112	19933560832	16384	0	65536	0	0	0
2026-01-28 00:27:49																					12075008	24462262272	0	32327778304	285949952	120406016	12369920	61652992	0	0	18836766720	30401167360	39210074112	19933560832	0	0	229376	0	0	0
2026-01-28 00:27:50																					12107776	24498536448	0	32330072064	283688960	53952512	950272	42434560	0	3801088	18836799488	30394482688	39210057728	19933560832	16384	0	16384	0	0	0
2026-01-28 00:27:51																					12107776	24586829824	0	32346554368	284590080	108265472	13844480	55148544	475136	0	18836799488	30383128576	39210024960	19933560832	32768	0	262144	0	0	0
2026-01-28 00:27:52																					12189696	24588861440	0	32333709312	273891328	85180416	1720320	70320128	0	0	18836881408	30380310528	39210024960	19933560832	0	0	49152	0	0	0
2026-01-28 00:27:53																					12206080	24585895936	0	32343818240	273645568	52641792	950272	41271296	0	0	18836881408	30368022528	39209992192	19933560832	32768	0	16384	0	0	0
2026-01-28 00:27:54	15	2026-01-28T06:27:54.790885Z	1769603274.790885	4800	4800	364	9.598921416793019	37.92092717450454	12.14882866712287	16384	None	256	cheap	4398	applegpu_g14s	Apple M2 Max	57982058496	77309411328	103079215104	499000	12206080	24588075008	0	32335020032	272875520	104939520	11960320	56115200	0	0	18836881408	30375510016	39209975808	19933544448	16384	0	212992	0	0	0
2026-01-28 00:27:55																					12419072	24563105792	0	32648921088	268353536	55066624	1376256	48676864	0	131072	18837110784	30274732032	39209975808	19933544448	0	0	32768	0	0	0
2026-01-28 00:27:56																					12533760	24312201216	0	32916160512	254115840	106807296	12058624	157368320	0	0	18837389312	29828202496	39209975808	19933544448	0	0	294912	0	0	0
2026-01-28 00:27:57																					12550144	24345624576	0	32349634560	271499264	85147648	1310720	72368128	0	0	18837389312	30398808064	39209975808	19933544448	0	0	32768	0	0	0
2026-01-28 00:27:58																					12615680	24428134400	0	32362070016	288014336	109756416	13434880	56836096	0	0	18837454848	30387421184	39209975808	19933544448	0	0	245760	0	0	0
2026-01-28 00:27:59																					12615680	24527831040	0	32346816512	287670272	53968896	950272	40304640	0	0	18837471232	30395580416	39209975808	19933544448	0	0	16384	0	0	0
2026-01-28 00:28:00																					12779520	24604147712	0	32342753280	287965184	114802688	11321344	67878912	0	0	18837635072	30410391552	39209975808	19933544448	0	0	196608	0	0	0
2026-01-28 00:28:01																					13254656	24604098560	0	32270663680	277446656	56213504	1359872	43253760	0	0	18838110208	30477320192	39209975808	19933544448	0	0	32768	0	0	0
2026-01-28 00:28:02																					13549568	24578572288	0	32392708096	268353536	132497408	12386304	84279296	0	0	18838405120	30357422080	39209975808	19933544448	0	0	229376	0	0	0
2026-01-28 00:28:03																					16760832	24563679232	0	32418349056	277839872	153862144	5079040	63471616	0	0	18842615808	30349131776	39209926656	19933528064	49152	0	3325952	0	0	0
2026-01-28 00:28:04																					20889600	24532123648	0	32519110656	206848000	458113024	20004864	239943680	0	0	18848677888	30275616768	39209730048	19933462528	196608	0	4358144	0	0	0
2026-01-28 00:28:06																					26574848	24588615680	0	32343949312	282066944	51118080	950272	39845888	0	32768	18854281216	30449909760	39209713664	19933462528	0	0	16384	0	0	0
2026-01-28 00:28:07																					26624000	24605638656	0	32384974848	272400384	138723328	13221888	87048192	0	32768	18854330368	30417698816	39209713664	19933462528	0	0	278528	0	0	0
2026-01-28 00:28:08	16	2026-01-28T06:28:08.680099Z	1769603288.680099	5107	5107	521	13.819381207693368	37.70067502805081	9.669407666660845	16384	None	256	cheap	4797	applegpu_g14s	Apple M2 Max	57982058496	77309411328	103079215104	499000	26853376	24603639808	0	32743358464	272105472	52854784	950272	42713088	0	294912	18854559744	30416846848	39209713664	19933462528	0	0	16384	0	0	0
2026-01-28 00:28:09																					26869760	24552275968	0	32875823104	196476928	97583104	12058624	60882944	0	0	18854592512	30322114560	39209713664	19933462528	0	0	212992	0	0	0
2026-01-28 00:28:10																					26918912	24382423040	0	32972144640	250036224	71237632	1359872	156172288	0	0	18854772736	29945708544	39209697280	19933446144	16384	0	147456	0	0	0
2026-01-28 00:28:11																					26902528	24372101120	0	32936247296	264060928	108134400	12058624	61308928	0	0	18854789120	29989437440	39209648128	19933446144	49152	0	229376	0	0	0
2026-01-28 00:28:12																					26918912	24420302848	0	32371408896	283459584	84787200	1310720	71942144	0	0	18854821888	30553309184	39209648128	19933446144	0	0	49152	0	0	0
2026-01-28 00:28:13																					26951680	24507301888	0	32389169152	298696704	103137280	12615680	54214656	0	16384	18854838272	30541660160	39209648128	19933446144	0	0	229376	0	0	0
2026-01-28 00:28:14																					26968064	24553537536	0	32372736000	298876928	54247424	950272	42729472	0	0	18854854656	30552702976	39209648128	19933446144	0	0	16384	0	0	0
2026-01-28 00:28:15																					26968064	24688279552	0	32328679424	296271872	88260608	10747904	45711360	0	0	18854920192	30592745472	39209648128	19933446144	0	0	163840	0	0	0
2026-01-28 00:28:16																					26968064	24659509248	0	32364494848	287178752	69206016	3702784	46612480	0	0	18854871040	30542807040	39209648128	19933446144	0	0	98304	0	0	0
2026-01-28 00:28:17																					26951680	24655265792	0	32387497984	288784384	76070912	1310720	63750144	0	0	18854871040	30522392576	39209631744	19933446144	16384	0	32768	0	0	0
2026-01-28 00:28:18																					26984448	24635097088	0	32379125760	288702464	96780288	12107776	50167808	0	0	18854903808	30434770944	39209631744	19933446144	0	0	212992	0	0	0
2026-01-28 00:28:19																					27000832	24633491456	0	32373243904	290209792	55558144	1359872	43073536	0	16384	18854920192	30439604224	39209631744	19933446144	0	0	32768	0	0	0
2026-01-28 00:28:20																					27082752	24632836096	0	32389480448	273580032	97730560	12140544	51511296	0	13762560	18855002112	30408425472	39209631744	19933446144	0	0	212992	0	0	0
2026-01-28 00:28:21																					27164672	24626724864	0	32370032640	274300928	52002816	0	43253760	589824	16384	18855084032	30435950592	39209631744	19933446144	0	0	0	0	0	0
2026-01-28 00:28:22																					28147712	24626315264	0	32373178368	277331968	133922816	12795904	82870272	0	0	18856067072	30434017280	39209631744	19933446144	0	0	901120	0	0	0
2026-01-28 00:28:23																					28164096	24620761088	0	32389611520	274513920	52199424	950272	41304064	0	0	18856067072	30415945728	39209582592	19933446144	49152	0	16384	0	0	0
2026-01-28 00:28:24																					28196864	24620417024	0	32400670720	273989632	99434496	12042240	53067776	0	0	18856099840	30417289216	39209582592	19933446144	0	0	212992	0	0	0
2026-01-28 00:28:25																					28196864	24620269568	0	32391331840	273989632	55361536	1359872	43040768	0	0	18856116224	30424793088	39209582592	19933446144	0	0	32768	0	0	0
2026-01-28 00:28:27	17	2026-01-28T06:28:27.078080Z	1769603307.07808	5574	5574	666	18.32520587509498	36.34338432754705	13.893975708168	16384	None	256	cheap	5104	applegpu_g14s	Apple M2 Max	57982058496	77309411328	103079215104	499000	1425408	24595562496	0	32863141888	279658496	79511552	1310720	71925760	376832	65536	18764201984	30438866944	39209566208	19933446144	0	0	32768	475136	0	0
2026-01-28 00:28:28																					4358144	24290770944	0	33512112128	249298944	103350272	13877248	152600576	0	32768	18642829312	29967089664	39209533440	19933429760	32768	0	1540096	16384	0	0
2026-01-28 00:28:29																					4571136	24295899136	0	32966754304	257376256	55590912	983040	47759360	0	0	18643058688	29980016640	39209451520	19933347840	81920	0	212992	0	0	0
2026-01-28 00:28:30																					4620288	24343019520	0	32426622976	284590080	53608448	950272	42663936	0	0	18643107840	30521098240	39209451520	19933347840	0	0	16384	0	0	0
2026-01-28 00:28:31																					4669440	24476876800	0	32397279232	294289408	119488512	13369344	65011712	0	933888	18643156992	30548852736	39209451520	19933347840	0	0	262144	0	0	0
2026-01-28 00:28:32																					4751360	24582635520	0	32390922240	297025536	84541440	1310720	71761920	0	0	18643238912	30553980928	39209435136	19933347840	16384	0	49152	0	0	0
2026-01-28 00:28:33																					4784128	24573952000	0	32416514048	294354944	100040704	12107776	53444608	0	0	18643255296	30536466432	39209435136	19933347840	0	0	212992	0	0	0
2026-01-28 00:28:34																					5046272	24469635072	0	32486637568	218021888	109625344	2801664	90308608	0	0	18640437248	30332928000	39209435136	19933347840	0	0	81920	0	0	0
2026-01-28 00:28:35																					5079040	24516378624	0	32414482432	287064064	97402880	12091392	51265536	0	0	18640470016	30404919296	39209435136	19933347840	0	0	212992	0	0	0
2026-01-28 00:28:36																					5079040	24514248704	0	32401833984	287719424	43171840	950272	32636928	0	0	18640470016	30412521472	39209435136	19933347840	0	0	16384	0	0	0
2026-01-28 00:28:37																					5095424	24469979136	0	32399785984	290439168	131022848	12926976	79740928	0	0	18640486400	30319624192	39209435136	19933347840	0	0	245760	0	0	0
2026-01-28 00:28:38																					5095424	24469864448	0	32400244736	289996800	49020928	950272	38780928	0	65536	18640486400	30317068288	39209435136	19933347840	0	0	16384	0	0	0
2026-01-28 00:28:39																					5095424	24408211456	0	32530120704	207896576	94486528	11812864	47841280	0	0	18640584704	30197841920	39209435136	19933347840	0	0	212992	0	0	0
2026-01-28 00:28:40																					5128192	24464392192	0	32415236096	285933568	47546368	524288	38928384	0	16384	18640519168	30314430464	39209418752	19933331456	16384	0	16384	0	0	0
2026-01-28 00:28:41																					5144576	24470241280	0	32446332928	288522240	50151424	950272	39583744	0	0	18640535552	30282792960	39209418752	19933331456	0	0	16384	0	0	0
2026-01-28 00:28:42																					5144576	24468799488	0	32404226048	290062336	140312576	12304384	91127808	0	0	18640535552	30324097024	39209402368	19933331456	16384	0	229376	0	0	0
2026-01-28 00:28:43																					5210112	24468013056	0	32406159360	290373632	55410688	1359872	43384832	0	0	18640584704	30323441664	39209402368	19933331456	0	0	32768	0	0	0
2026-01-28 00:28:44																					5308416	24463966208	0	32421478400	287621120	101793792	11927552	51724288	0	0	18640699392	30309023744	39206928384	19932643328	2473984	0	311296	0	0	0
2026-01-28 00:28:45																					5357568	24458674176	0	32417792000	288702464	49872896	950272	39665664	0	0	18640683008	30308646912	39206912000	19932643328	16384	0	16384	0	0	0
2026-01-28 00:28:46	18	2026-01-28T06:28:46.707175Z	1769603326.707175	6194	6194	656	19.542255708016455	33.56828453180568	18.407636541873217	16384	None	256	cheap	5571	applegpu_g14s	Apple M2 Max	57982058496	77309411328	103079215104	499000	5701632	24462196736	0	32858570752	288473088	98582528	12435456	52035584	0	0	18641027072	30301618176	39206912000	19932643328	0	0	229376	0	0	0
2026-01-28 00:28:48																					6324224	24234655744	0	33494925312	252968960	101105664	13385728	153010176	0	0	18641747968	29847535616	39206912000	19932643328	0	0	294912	0	0	0
2026-01-28 00:28:49																					6356992	24220778496	0	33020641280	251641856	76103680	2277376	53821440	0	0	18641780736	29828169728	39206617088	19932528640	294912	0	49152	0	0	0
2026-01-28 00:28:50																					6373376	24288362496	0	32432979968	294518784	105922560	13549568	54362112	49152	3801088	18641797120	30413209600	39206617088	19932528640	0	0	262144	0	0	0
2026-01-28 00:28:51																					6488064	24380833792	0	32438501376	294486016	53248000	950272	42074112	360448	0	18641911808	30407524352	39206617088	19932528640	0	0	16384	0	0	0
2026-01-28 00:28:53																					6488064	24512724992	0	32436174848	296468480	91766784	1720320	76021760	0	0	18641911808	30415405056	39206617088	19932528640	0	0	49152	0	0	0
2026-01-28 00:28:54																					6504448	24516427776	0	32431423488	296697856	91930624	12206080	45465600	0	0	18641911808	30420271104	39206617088	19932528640	0	0	212992	0	0	0
2026-01-28 00:28:55																					6537216	24514691072	0	32447758336	283541504	46972928	950272	36651008	0	0	18641960960	30390845440	39206617088	19932528640	0	0	16384	0	0	0
2026-01-28 00:28:56																					6537216	24511643648	0	32444989440	284606464	98680832	12615680	50806784	0	0	18641960960	30396743680	39206617088	19932528640	0	0	229376	0	0	0
2026-01-28 00:28:57	19	2026-01-28T06:28:57.772598Z	1769603337.772598	6823	6823	312	10.973348791245371	28.43252373868916	19.634164708200842	16384	None	256	cheap	6191	applegpu_g14s	Apple M2 Max	57982058496	77309411328	103079215104	499000	6586368	24513789952	0	32444645376	284459008	40484864	0	34619392	0	0	18642010112	30399414272	39206617088	19932528640	0	0	0	0	0	0
2026-01-28 00:28:58																					6963200	24519786496	0	32643530752	334004224	125566976	12369920	79101952	0	0	18642370560	30397612032	39206617088	19932528640	0	0	229376	0	0	0
2026-01-28 00:28:59																					6963200	24491376640	0	32745013248	274677760	67485696	2424832	56393728	0	0	18642386944	30300241920	39206617088	19932528640	0	0	49152	0	0	0
2026-01-28 00:29:00																					7290880	24228315136	0	33042857984	251117568	126074880	14254080	163545088	0	0	18642796544	29840359424	39206486016	19932479488	131072	0	409600	0	0	0
2026-01-28 00:29:01																					7536640	24257232896	0	32475529216	266633216	67665920	950272	52903936	0	0	18643042304	30404657152	39206486016	19932479488	0	0	16384	0	0	0
2026-01-28 00:29:02																					10436608	24339120128	0	32413499392	298287104	129892352	12288000	69124096	0	114688	18646761472	30476271616	39206486016	19932479488	0	0	851968	0	0	0
2026-01-28 00:29:03																					10747904	24510300160	0	32468680704	299581440	84279296	1327104	70189056	0	278528	18647187456	30411505664	39206453248	19932479488	32768	0	32768	0	0	0
2026-01-28 00:29:04																					10780672	24469946368	0	32552763392	219889664	88457216	950272	76546048	0	0	18647203840	30326521856	39206453248	19932479488	0	0	16384	0	0	0
2026-01-28 00:29:05																					10813440	24481120256	0	32457359360	227328000	88883200	11616256	45481984	0	0	18647236608	30419337216	39206453248	19932479488	0	0	212992	0	0	0
2026-01-28 00:29:06																					16515072	24554356736	0	32381255680	289980416	63209472	2392064	46088192	0	0	18652954624	30500831232	39206453248	19932479488	0	0	65536	0	0	0
2026-01-28 00:29:07																					16678912	24532467712	0	32461848576	289947648	91766784	11747328	46448640	0	0	18653118464	30415388672	39206404096	19932463104	49152	0	212992	0	0	0
2026-01-28 00:29:08																					16859136	24498421760	0	32453001216	292306944	87146496	3080192	67469312	0	294912	18653298688	30327177216	39206354944	19932446720	49152	0	98304	0	0	0
2026-01-28 00:29:10																					16826368	24200724480	0	33097662464	197427200	59031552	950272	143392768	0	0	18653380608	29792567296	39205781504	19932168192	573440	0	49152	0	0	0
2026-01-28 00:29:11																					16924672	24303943680	0	32539983872	286883840	95469568	11649024	50741248	0	81920	18653478912	30359355392	39205732352	19932168192	49152	0	212992	0	0	0
2026-01-28 00:29:12																					16924672	24339873792	0	32407912448	304775168	58933248	950272	48627712	0	0	18653478912	30491770880	39205732352	19932168192	0	0	16384	0	0	0
2026-01-28 00:29:13																					16957440	24498782208	0	32564527104	301400064	83083264	1310720	71663616	0	16384	18653544448	30388584448	39205732352	19932168192	0	0	32768	0	0	0
2026-01-28 00:29:14																					17022976	24495439872	0	32509100032	293224448	111624192	12599296	61915136	0	9453568	18653593600	30387798016	39205715968	19932168192	16384	0	229376	0	0	0
2026-01-28 00:29:15																					17022976	24507138048	0	32455278592	282132480	45121536	950272	34947072	0	0	18653593600	30427250688	39205715968	19932168192	0	0	16384	0	0	0
2026-01-28 00:29:16																					17055744	24507580416	0	32470269952	281608192	90079232	12140544	44515328	0	0	18653642752	30409195520	39205715968	19932168192	0	0	212992	0	0	0
2026-01-28 00:29:17																					17055744	24509038592	0	32458178560	281493504	53690368	1720320	40108032	0	0	18653659136	30420910080	39205683200	19932168192	32768	0	49152	0	0	0
2026-01-28 00:29:18																					17055744	24485445632	0	32474103808	280985600	125501440	11862016	80396288	0	0	18653642752	30312202240	39205666816	19932168192	16384	0	212992	0	0	0
2026-01-28 00:29:19	20	2026-01-28T06:29:19.022821Z	1769603359.022821	7116	7116	677	21.17235670844093	31.975656244734235	11.048588375095278	16384	None	256	cheap	6820	applegpu_g14s	Apple M2 Max	57982058496	77309411328	103079215104	499000	17268736	24525848576	0	31868338176	278626304	48496640	950272	38797312	0	0	18653839360	30627020800	39205666816	19932168192	0	0	16384	0	0	0
