datetime	free_bytes	active_bytes	specul_bytes	inactive_bytes	throttle_bytes	wired_bytes	prgable_bytes	faults_bytes	copy_bytes	0fill_bytes	reactive_bytes	purged_bytes	file-backed_bytes	anonymous_bytes	cmprssed_bytes	cmprssor_bytes	dcomprs_bytes	comprs_bytes	pageins_bytes	pageout_bytes	swapins_bytes	swapouts_bytes
2026-01-28 07:58:17	161038336	28010741760	0	11877826560	456916992	529793024	49594368	3269378048	0	4194304	16209297408	40133885952	32620134400	12841926656	10878976	0	43974656	0	0	0
2026-01-28 07:58:18	166690816	28129427456	0	11769610240	469647360	378814464	12271616	113786880	0	0	16385671168	40216805376	32620019712	12841828352	114688	0	168902656	0	0	0
2026-01-28 07:58:19	167100416	28397993984	0	11538890752	530169856	336838656	14548992	70107136	0	0	16587292672	40451014656	32619970560	12841795584	49152	0	197656576	0	0	0
2026-01-28 07:58:20	168951808	28553019392	0	11423776768	540180480	240025600	2801664	59604992	0	0	16753885184	40567160832	32619954176	12841795584	16384	0	166592512	0	0	0
2026-01-28 07:58:21	169230336	28738387968	0	11410227200	541491200	311492608	11960320	81936384	0	0	16940974080	40582660096	32619577344	12841730048	376832	0	178536448	0	0	0
2026-01-28 07:58:22	171720704	28796141568	0	12202033152	483753984	797769728	1343488	471482368	1687552	0	17097375744	40185282560	32617267200	12841304064	2015232	0	161464320	0	0	0
2026-01-28 07:58:23	171655168	28950773760	0	11893096448	548913152	279494656	13238272	78839808	0	0	17258479616	40516386816	32617234432	12841304064	32768	0	161890304	0	0	0
2026-01-28 07:58:24	182747136	29107748864	0	11805786112	586776576	245743616	950272	53919744	32768	0	17427070976	40603402240	32617201664	12841287680	32768	0	166789120	0	0	0
2026-01-28 07:58:25	184893440	29266231296	0	11905007616	562315264	229490688	2490368	56623104	0	49152	17588338688	40558215168	32615235584	12840910848	1966080	0	157548544	0	0	0
2026-01-28 07:58:26	179519488	29439983616	0	12387434496	581959680	376225792	12173312	604864512	0	0	17760534528	40679686144	32567623680	12819447808	47611904	0	166985728	0	0	0
2026-01-28 07:58:27	179683328	29621485568	0	12329091072	594608128	285392896	1310720	83132416	0	0	17948753920	40712290304	32567050240	12819267584	376832	0	188219392	0	0	0
2026-01-28 07:58:28	181747712	29790945280	0	12350734336	578076672	271958016	12025856	59359232	0	9437184	18120589312	40682864640	32567050240	12819267584	0	0	167313408	0	0	0
2026-01-28 07:58:29	187285504	29927800832	0	12433883136	550010880	237731840	1359872	91324416	0	0	18263425024	40611069952	32567033856	12819267584	16384	0	136855552	0	0	0
2026-01-28 07:58:30	196771840	30040899584	0	13056016384	548536320	252510208	11894784	627900416	0	0	18386255872	40622112768	32566935552	12819234816	81920	0	121061376	0	0	0
2026-01-28 07:58:31	201637888	30154309632	0	13037076480	564412416	244695040	950272	107216896	0	0	18504859648	40682913792	32566706176	12819202048	229376	0	119193600	0	0	0
2026-01-28 07:58:32	213827584	30098849792	0	13181894656	551796736	372539392	12910592	212353024	16384	4194304	18605015040	40498053120	32566493184	12819152896	212992	0	98254848	0	0	0
2026-01-28 07:58:33	203440128	30197661696	0	13228392448	580255744	267501568	950272	166838272	0	9453568	18693996544	40542404608	32566411264	12819120128	81920	0	85950464	0	0	0
2026-01-28 07:58:34	204390400	30304616448	0	13255000064	599867392	304627712	12222464	160776192	0	0	18802114560	40593719296	32566231040	12819038208	180224	0	106725376	0	0	0
2026-01-28 07:58:35	230162432	30410047488	0	13174095872	627490816	304234496	1376256	146685952	0	0	18961580032	40707112960	32566099968	12818972672	131072	0	128876544	0	0	0
2026-01-28 07:58:36	232767488	30502993920	0	13711491072	682115072	236093440	11862016	622231552	0	0	19057164288	40772894720	32566083584	12818956288	16384	0	95797248	0	0	0
2026-01-28 07:58:38	236847104	30703337472	0	13629702144	749338624	521486336	13352960	273317888	0	0	19333611520	40982626304	32553861120	12813713408	327680	0	185548800	0	0	0
2026-01-28 07:58:39	237568000	30812372992	0	13680361472	769835008	605306880	966656	483672064	0	0	19444301824	41157656576	32553795584	12813713408	65536	0	117669888	0	0	0
2026-01-28 07:58:40	247185408	30931222528	0	13605453824	771358720	550420480	950272	424394752	0	81920	19572785152	41377611776	32553795584	12813713408	0	0	130383872	0	0	0
2026-01-28 07:58:41	247398400	31036915712	0	14323990528	750419968	657539072	12435456	1036124160	0	0	19678740480	41360850944	32553795584	12813713408	0	0	104775680	0	0	0
2026-01-28 07:58:42	254377984	31094472704	0	14883405824	758251520	371408896	3768320	558235648	0	3145728	19812794368	41181200384	32553730048	12813713408	65536	0	122273792	0	0	0
2026-01-28 07:58:43	250691584	31215763456	0	14254866432	781664256	247087104	16269312	66125824	0	0	19930480640	41812623360	32553500672	12813615104	229376	0	113999872	0	0	0
2026-01-28 07:58:44	261472256	31320424448	0	14291075072	789938176	163856384	1359872	48873472	0	0	20045905920	41793241088	32553484288	12813598720	16384	0	116621312	0	0	0
2026-01-28 07:58:45	252919808	31441584128	0	14272446464	790511616	222003200	12025856	59228160	0	0	20158611456	41811394560	32553484288	12813598720	0	0	107446272	0	0	0
2026-01-28 07:58:46	266043392	31549161472	0	14929723392	783515648	181239808	1359872	593936384	0	131072	20279459840	41792520192	32552861696	12813467648	622592	0	119914496	0	0	0
2026-01-28 07:58:47	263684096	31649792000	0	14917320704	771784704	257425408	12304384	103333888	0	1703936	20377796608	41790734336	32552763392	12813434880	98304	0	98861056	0	0	0
2026-01-28 07:58:48	269860864	31740182528	0	15015477248	715964416	160595968	966656	66207744	0	0	20475101184	41696608256	32552747008	12813418496	16384	0	98631680	0	0	0
2026-01-28 07:58:49	270041088	31865520128	0	14970978304	760004608	231047168	12288000	61882368	0	4390912	20600848384	41702178816	32552747008	12813418496	0	0	123879424	0	0	0
2026-01-28 07:58:50	265781248	31983075328	0	14878474240	782336000	167755776	950272	43991040	0	0	20714160128	41698902016	32552730624	12813418496	16384	0	110870528	0	0	0
2026-01-28 07:58:51	268779520	32085622784	0	15098855424	711999488	228048896	11993088	83869696	0	32768	20821082112	41560489984	32552730624	12813418496	0	0	100974592	0	0	0
2026-01-28 07:58:52	262078464	32162414592	0	15089451008	727367680	219693056	2736128	133054464	1458176	0	20891992064	41584246784	32552484864	12813352960	245760	0	72204288	0	0	0
2026-01-28 07:58:53	264503296	32234471424	0	15676096512	720945152	181256192	966656	633880576	0	0	20967817216	41564110848	32552484864	12813352960	0	0	76316672	0	0	0
2026-01-28 07:58:54	264978432	32351272960	0	15637823488	793444352	247906304	13533184	82706432	0	0	21085110272	41580363776	32552435712	12813320192	49152	0	113786880	0	0	0
2026-01-28 07:58:55	269664256	32455671808	0	15512223744	808271872	179208192	1441792	65716224	0	0	21194211328	41711042560	32552435712	12813320192	0	0	106233856	0	0	0
2026-01-28 07:58:56	275726336	32552976384	0	15606906880	788807680	213188608	11862016	73449472	0	0	21297577984	41639854080	32552419328	12813320192	16384	0	108740608	0	0	0
2026-01-28 07:58:57	278200320	32666730496	0	15641968640	755777536	225329152	2752512	95928320	0	0	21413871616	41607151616	32552239104	12813238272	180224	0	115097600	0	0	0
2026-01-28 07:58:59	279134208	32893255680	0	16165650432	794771456	195117056	950272	69042176	0	0	21641412608	41656827904	32552206336	12813238272	0	0	118439936	0	0	0
2026-01-28 07:59:00	272760832	32994295808	0	16103833600	802914304	218923008	11878400	58687488	0	0	21752872960	41692397568	32552206336	12813238272	0	0	107642880	0	0	0
2026-01-28 07:59:01	278134784	33102774272	0	16254533632	759808000	178831360	1359872	62472192	0	0	21867659264	41575350272	32552189952	12813238272	16384	0	114851840	0	0	0
2026-01-28 07:59:02	276348928	33209778176	0	16201646080	771112960	255574016	12419072	103858176	0	0	21972959232	41616097280	32552189952	12813238272	0	0	103874560	0	0	0
2026-01-28 07:59:03	283426816	33328578560	0	16891691008	742686720	240828416	950272	651296768	0	0	22099001344	41591275520	32551927808	12813123584	262144	0	121962496	0	0	0
2026-01-28 07:59:04	282574848	33222393856	0	16838393856	793657344	220430336	12599296	61325312	0	262144	22211985408	41395814400	32551927808	12813123584	0	0	112459776	0	0	0
2026-01-28 07:59:05	289292288	33335246848	0	17043587072	704577536	264044544	983040	157548544	0	0	22331637760	41281601536	32550371328	12813107200	1556480	0	118308864	0	0	0
2026-01-28 07:59:06	282705920	33452654592	0	16924360704	716242944	218169344	1916928	124190720	0	0	22442541056	41344057344	32550371328	12813107200	0	0	109068288	0	0	0
2026-01-28 07:59:07	290160640	33555267584	0	16818929664	799129600	241696768	12304384	88801280	0	0	22552510464	41412427776	32550371328	12813107200	0	0	111132672	0	0	0
2026-01-28 07:59:08	285900800	33667858432	0	16808198144	830373888	184516608	2392064	57114624	0	0	22662316032	41424781312	32550354944	12813107200	16384	0	106971136	0	0	0
2026-01-28 07:59:09	291127296	33779105792	0	17349132288	844038144	211255296	12091392	588382208	0	0	22778806272	41495609344	32550354944	12813107200	0	0	114753536	0	0	0
2026-01-28 07:59:10	287113216	33886371840	0	17458348032	824655872	171671552	2277376	48791552	0	0	22882058240	41422176256	32550354944	12813107200	0	0	101548032	0	0	0
2026-01-28 07:59:11	288014336	33996128256	0	17415487488	834469888	207273984	12107776	54738944	0	737280	22992715776	41427353600	32550354944	12813107200	0	0	109232128	0	0	0
2026-01-28 07:59:12	298090496	34083340288	0	17347067904	846233600	172802048	1310720	76414976	16384	32768	23090085888	41497296896	32550322176	12813090816	32768	0	98533376	0	0	0
2026-01-28 07:59:13	290668544	34195210240	0	17334239232	846086144	215777280	12468224	59113472	0	16384	23194533888	41509699584	32550322176	12813090816	0	0	101269504	0	0	0
2026-01-28 07:59:14	293781504	34383626240	0	17348952064	844791808	160612352	950272	56377344	0	0	23294214144	41495773184	32550322176	12813090816	0	0	100745216	0	0	0
2026-01-28 07:59:15	295813120	34499985408	0	17948688384	834273280	216973312	12025856	589463552	0	0	23412637696	41493610496	32550240256	12813074432	81920	0	115195904	0	0	0
2026-01-28 07:59:16	300318720	34596306944	0	17940037632	846020608	151453696	1359872	46694400	0	0	23513464832	41500180480	32550223872	12813058048	16384	0	103137280	0	0	0
2026-01-28 07:59:17	294551552	34709553152	0	17910054912	844300288	244219904	12369920	87130112	0	1703936	23629447168	40800993280	32550158336	12813041664	65536	0	102678528	0	0	0
2026-01-28 07:59:18	303464448	34807496704	0	18027003904	787857408	160858112	983040	59981824	0	458752	23736352768	40702738432	32550141952	12813025280	16384	0	107397120	0	0	0
2026-01-28 07:59:20	298778624	35031957504	0	18557272064	846397440	168738816	2490368	578584576	0	0	23958568960	40780251136	32550141952	12813025280	0	0	102301696	0	0	0
2026-01-28 07:59:21	307003392	35131179008	0	18557992960	846299136	153141248	950272	46694400	622592	0	24065966080	40797241344	32550141952	12813025280	0	0	111493120	0	0	0
2026-01-28 07:59:22	308248576	35232284672	0	18572378112	846004224	236093440	12681216	89145344	0	16384	24168382464	40781119488	32550141952	12813025280	0	0	99254272	0	0	0
2026-01-28 07:59:23	306053120	35341893632	0	18563940352	845791232	160497664	950272	44892160	0	0	24275795968	40788901888	32550125568	12813008896	16384	0	106790912	0	0	0
2026-01-28 07:59:24	313671680	35441803264	0	18590646272	834584576	215138304	11976704	66633728	0	16384	24388091904	40745254912	32550076416	12812959744	49152	0	115163136	0	0	0
2026-01-28 07:59:25	311754752	35549528064	0	18565595136	846135296	174620672	3719168	49856512	0	393216	24493916160	40767569920	32550076416	12812959744	0	0	102563840	0	0	0
2026-01-28 07:59:26	312410112	35663151104	0	18570051584	846168064	211648512	11943936	56328192	0	0	24608210944	40762949632	32550076416	12812959744	0	0	112525312	0	0	0
2026-01-28 07:59:27	314114048	35773595648	0	19153715200	845824000	225198080	3768320	614481920	0	0	24720441344	40768847872	32550076416	12812959744	0	0	112328704	0	0	0
2026-01-28 07:59:28	312279040	35895705600	0	19146899456	845938688	225705984	12271616	58392576	0	0	24840716288	40775303168	32550076416	12812959744	0	0	116490240	0	0	0
2026-01-28 07:59:29	310198272	36002398208	0	19155894272	838483968	167641088	950272	52838400	0	5111808	24945459200	40761065472	32550060032	12812943360	16384	0	97812480	0	0	0
2026-01-28 07:59:30	318521344	36100407296	0	19161202688	837369856	200507392	12107776	58605568	0	0	25051840512	40757444608	32550060032	12812943360	0	0	112148480	0	0	0
2026-01-28 07:59:31	316817408	36207460352	0	19735871488	840859648	163987456	1359872	578879488	0	0	25157337088	40761606144	32550010880	12812943360	49152	0	102187008	0	0	0
2026-01-28 07:59:32	329252864	36301733888	0	19734085632	840482816	229376000	12337152	88522752	0	0	25266257920	40775057408	32549175296	12812566528	835584	0	112312320	0	0	0
2026-01-28 07:59:33	326795264	36415029248	0	19748519936	840564736	164577280	950272	44400640	0	0	25377144832	40759263232	32549158912	12812566528	16384	0	108167168	0	0	0
2026-01-28 07:59:34	318668800	36532781056	0	19742359552	840663040	219561984	12369920	57884672	0	0	25487982592	40768045056	32549126144	12812566528	32768	0	106938368	0	0	0
2026-01-28 07:59:35	321470464	36630855680	0	19853426688	769622016	209420288	950272	101777408	0	9043968	25588891648	40670789632	32549027840	12812500992	98304	0	102924288	0	0	0
2026-01-28 07:59:36	322420736	36750589952	0	19838812160	773996544	172163072	950272	46268416	0	0	25709576192	40684388352	32549027840	12812500992	0	0	113311744	0	0	0
2026-01-28 07:59:37	322076672	36857413632	0	19751698432	835977216	239370240	12861440	86540288	0	0	25816055808	40769683456	32548978688	12812468224	49152	0	108380160	0	0	0
2026-01-28 07:59:38	327630848	36954128384	0	20407468032	834125824	159121408	950272	582369280	0	0	25918324736	40750710784	32548978688	12812468224	0	0	101662720	0	0	0
2026-01-28 07:59:39	324124672	37075189760	0	20356759552	840744960	225886208	12025856	61440000	0	0	26035879936	40802091008	32548929536	12812451840	49152	0	114622464	0	0	0
2026-01-28 07:59:41	324288512	37289590784	0	20378730496	835600384	257851392	12206080	101154816	16384	0	26250510336	40821489664	32548290560	12812075008	589824	0	111017984	0	0	0
2026-01-28 07:59:42	326516736	37399674880	0	20396752896	837500928	264011776	2736128	130007040	0	0	26362920960	40832516096	32547913728	12811845632	376832	0	111624192	0	0	0
2026-01-28 07:59:43	324911104	37501435904	0	20411793408	830390272	223264768	16220160	62193664	0	16384	26463092736	40815460352	32547782656	12811730944	131072	0	96157696	0	0	0
2026-01-28 07:59:44	334348288	37602836480	0	21000880128	836665344	157040640	950272	578568192	0	49152	26573979648	40839151616	32547782656	12811730944	0	0	113655808	0	0	0
2026-01-28 07:59:45	327221248	37706956800	0	21020655616	829407232	213188608	12140544	65110016	0	3145728	26671087616	40814002176	32547766272	12811714560	16384	0	95141888	0	0	0
2026-01-28 07:59:46	331972608	37808259072	0	21007499264	835174400	156811264	1359872	46759936	0	0	26777141248	40827666432	32547766272	12811714560	0	0	105168896	0	0	0
2026-01-28 07:59:47	338771968	37910003712	0	21008875520	835125248	198049792	1310720	79003648	0	0	26886701056	40814690304	32547684352	12811698176	81920	0	110395392	0	0	0
2026-01-28 07:59:48	342081536	38024249344	0	21078917120	781172736	226902016	11911168	74285056	0	0	27004223488	40748941312	32547684352	12811698176	0	0	116490240	0	0	0
2026-01-28 07:59:49	206405632	38080823296	0	21566767104	711491584	163987456	1359872	582729728	327680	119390208	26972618752	40714797056	32547684352	12811698176	0	0	97615872	229376	0	0
2026-01-28 07:59:50	96075776	38186450944	0	21586591744	716931072	210124800	11943936	62177280	16384	32768	26968047616	40700755968	32547028992	12811190272	655360	0	107692032	98304	0	0
2026-01-28 07:59:51	9830400	38270369792	0	21579972608	714768384	182157312	950272	55263232	491520	49152	26964557824	40709111808	32546799616	12811157504	229376	0	110936064	606208	0	0
2026-01-28 07:59:52	14958592	38245580800	0	21600452608	719781888	246874112	12828672	90521600	0	131072	26944897024	40705425408	32546783232	12811124736	16384	0	116670464	0	0	0
2026-01-28 07:59:53	13008896	38249037824	0	21596766208	714620928	172048384	2392064	47661056	0	65536	26946404352	40707211264	32546783232	12811124736	0	0	111673344	0	0	0
2026-01-28 07:59:54	11927552	37628821504	0	22243753984	713031680	209829888	12091392	587186176	0	163840	26325106688	40692006912	32546734080	12811124736	49152	0	105693184	163840	0	0
2026-01-28 07:59:55	15859712	37618843648	0	22224142336	719503360	170147840	1359872	46563328	0	65536	26319077376	40710914048	32546717696	12811108352	16384	0	120651776	327680	0	0
2026-01-28 07:59:56	18235392	37616402432	0	22223306752	718995456	229916672	12042240	65601536	0	131072	26319011840	40714354688	32546701312	12811108352	16384	0	124403712	114688	0	0
2026-01-28 07:59:57	18006016	37607866368	0	22232006656	719503360	209272832	2752512	79446016	0	98304	26310246400	40706015232	32546537472	12810944512	65536	0	116211712	65536	0	0
2026-01-28 07:59:58	12648448	37614338048	0	22224355328	715751424	224804864	13238272	58261504	0	4620288	26311376896	40709914624	32546537472	12810944512	0	0	115408896	81920	0	0
2026-01-28 07:59:59	8388608	37633146880	0	22232645632	713867264	152780800	950272	46055424	0	65536	26325876736	40700313600	32546471936	12810911744	49152	0	97730560	147456	0	0
2026-01-28 08:00:00	17907712	37005393920	0	22839492608	713834496	159531008	950272	578404352	0	32768	25707626496	40709734400	32543752192	12810223616	2719744	0	108740608	409600	0	0
2026-01-28 08:00:02	9502720	37010391040	0	22841409536	716374016	196034560	1310720	74694656	0	98304	25704595456	40706359296	32543752192	12810223616	0	0	112836608	131072	0	0
2026-01-28 08:00:03	74776576	36939300864	0	22832889856	720371712	214564864	11894784	64700416	0	98304	25698779136	40722595840	32543178752	12810059776	573440	0	107642880	65536	0	0
2026-01-28 08:00:04	91160576	36906221568	0	22829203456	723451904	195854336	1359872	70483968	0	5308416	25682247680	40740356096	32542670848	12809895936	507904	0	111509504	49152	0	0
2026-01-28 08:00:05	87867392	36895113216	0	22844866560	721354752	241664000	14598144	71434240	0	131072	25667829760	40737767424	32542621696	12809895936	49152	0	101892096	163840	0	0
2026-01-28 08:00:06	102989824	36214521856	0	23496261632	666107904	346357760	950272	687046656	0	32768	25071992832	40688386048	32540999680	12809207808	1556480	0	191250432	131072	0	0
2026-01-28 08:00:07	99008512	36200841216	0	23440621568	718651392	268206080	14778368	105512960	0	229376	25057214464	40753758208	32537018368	12807913472	3850240	0	109215744	311296	0	0
2026-01-28 08:00:08	37732352	36249387008	0	23456645120	726925312	151732224	966656	47579136	0	32768	25044795392	40757739520	32536985600	12807913472	32768	0	88866816	131072	0	0
2026-01-28 08:00:09	29622272	36260970496	0	23468441600	725811200	223346688	11878400	57327616	0	98304	25048465408	40742928384	32536772608	12807880704	16384	0	120324096	884736	0	0
2026-01-28 08:00:10	27754496	36264296448	0	23441276928	734789632	173801472	1359872	46825472	81920	81920	25049939968	40762949632	32536772608	12807880704	0	0	115326976	147456	0	0
2026-01-28 08:00:11	14057472	35636772864	0	24084185088	734232576	218464256	12042240	599113728	0	98304	24408752128	40763179008	32536756224	12807880704	16384	0	106807296	507904	0	0
2026-01-28 08:00:12	16433152	35635331072	0	24079876096	731201536	206110720	1310720	84951040	0	98304	24409899008	40765833216	32536674304	12807847936	81920	0	110641152	147456	0	0
2026-01-28 08:00:13	23085056	35620634624	0	24102141952	724500480	186793984	6045696	51003392	0	98304	24402378752	40748466176	32536641536	12807847936	32768	0	122290176	278528	0	0
2026-01-28 08:00:14	17678336	35637428224	0	24079826944	733265920	191561728	7274496	51478528	0	81920	24413962240	40763015168	32536625152	12807831552	16384	0	106528768	196608	0	0
2026-01-28 08:00:15	19480576	35624386560	0	24084840448	734838784	151486464	966656	52477952	0	65536	24402739200	40763768832	32536625152	12807831552	0	0	95141888	98304	0	0
2026-01-28 08:00:16	18432000	35621126144	0	24075812864	731906048	240680960	13336576	71286784	0	3276800	24398299136	40781660160	32536576000	12807831552	49152	0	120946688	32768	0	0
2026-01-28 08:00:17	7962624	35027369984	0	24697634816	729169920	219463680	1310720	615120896	0	65536	23795564544	40769617920	32536576000	12807831552	0	0	116113408	147456	0	0
2026-01-28 08:00:18	10731520	35009232896	0	24793464832	673169408	221462528	12140544	80723968	0	131072	23780196352	40685846528	32536494080	12807798784	81920	0	105807872	180224	0	0
2026-01-28 08:00:19	12533760	35006939136	0	24689836032	733380608	170541056	1359872	45793280	0	65536	23779803136	40786100224	32536379392	12807782400	114688	0	114868224	147456	0	0
2026-01-28 08:00:20	12025856	35008036864	0	24697208832	734920704	208535552	11845632	54525952	0	98304	23780392960	40777973760	32536379392	12807782400	0	0	111673344	278528	0	0
2026-01-28 08:00:21	11550720	35013935104	0	24687820800	735412224	145162240	950272	45891584	983040	32768	23785635840	40788770816	32536363008	12807749632	16384	0	92176384	0	0	0
2026-01-28 08:00:23	20955136	34433859584	0	25324486656	742146048	185434112	950272	598851584	0	32768	23173021696	40759099392	32535789568	12807553024	507904	0	107462656	65536	0	0
2026-01-28 08:00:24	13058048	34445787136	0	25293750272	741818368	231211008	13352960	57982976	0	114688	23177150464	40787230720	32535756800	12807520256	32768	0	116703232	163840	0	0
2026-01-28 08:00:25	16744448	34417967104	0	25298386944	741638144	175243264	1359872	47988736	0	98304	23153049600	40799600640	32535707648	12807503872	49152	0	126746624	212992	0	0
2026-01-28 08:00:26	11403264	34435350528	0	25308053504	743768064	220758016	12107776	54099968	0	114688	23165091840	40789377024	32535658496	12807454720	49152	0	116293632	311296	0	0
2026-01-28 08:00:27	8273920	34438103040	0	25298386944	742817792	201048064	1310720	75988992	0	98304	23164796928	40797880320	32535658496	12807454720	0	0	115834880	98304	0	0
2026-01-28 08:00:28	9945088	33799307264	0	25957466112	731430912	203800576	6799360	591708160	0	4308992	22529540096	40776433664	32535379968	12807421952	278528	0	112738304	49152	0	0
2026-01-28 08:00:29	14237696	33797259264	0	25929990144	739983360	180076544	6520832	52248576	0	114688	22531948544	40795766784	32535363584	12807421952	16384	0	112836608	114688	0	0
2026-01-28 08:00:30	19087360	33797275648	0	25956974592	731758592	157564928	950272	44826624	0	32768	22536830976	40767619072	32535363584	12807421952	0	0	111575040	212992	0	0
2026-01-28 08:00:31	8011776	33799438336	0	25938935808	739180544	230129664	12599296	58523648	0	131072	22527787008	40786804736	32535101440	12807405568	262144	0	117063680	212992	0	0
2026-01-28 08:00:32	12140544	33802092544	0	25933250560	738410496	180224000	1310720	74153984	0	65536	22534717440	40789557248	32535101440	12807405568	0	0	99237888	131072	0	0
2026-01-28 08:00:33	8798208	33803878400	0	25941196800	740900864	239517696	12173312	75956224	0	98304	22533128192	40790294528	32534970368	12807389184	131072	0	110411776	16384	0	0
2026-01-28 08:00:34	17678336	33234026496	0	26554482688	742195200	202080256	2277376	625983488	0	65536	21904343040	40796717056	32534577152	12807290880	393216	0	106446848	409600	0	0
2026-01-28 08:00:35	8847360	33237483520	0	26621329408	687226880	264224768	12025856	102219776	0	131072	21899083776	40737751040	32534560768	12807290880	16384	0	107560960	81920	0	0
2026-01-28 08:00:36	10665984	33239580672	0	26626605056	731414528	164429824	950272	46579712	0	32768	21902999552	40732786688	32534560768	12807290880	0	0	108462080	49152	0	0
2026-01-28 08:00:37	15712256	33219280896	0	26553597952	748290048	264060928	15089664	93831168	0	163840	21887729664	40811806720	32534560768	12807290880	0	0	112836608	180224	0	0
2026-01-28 08:00:38	18284544	32622395392	0	27160313856	741605376	191250432	950272	585777152	0	32768	21293449216	40799354880	32534560768	12807290880	0	0	125190144	212992	0	0
2026-01-28 08:00:39	17006592	32630390784	0	27161919488	741670912	222265344	12042240	69648384	0	98304	21300068352	40790884352	32534544384	12807290880	16384	0	113344512	966656	0	0
2026-01-28 08:00:40	17104896	32632832000	0	27133952000	748257280	178503680	1359872	53952512	0	65536	21302607872	40824029184	32533692416	12807012352	851968	0	109232128	180224	0	0
2026-01-28 08:00:42	10633216	32630374400	0	27159855104	742981632	189628416	6455296	50364416	0	98304	21293563904	40807497728	32533692416	12807012352	0	0	109379584	180224	0	0
2026-01-28 08:00:43	19382272	32608501760	0	27156971520	748224512	216023040	9682944	83345408	81920	131072	21280817152	40817131520	32533692416	12807012352	0	0	111050752	180224	0	0
2026-01-28 08:00:45	13533184	31988989952	0	27812233216	739803136	205668352	12140544	597213184	0	409600	20655407104	40793702400	32533692416	12807012352	0	0	101449728	147456	0	0
2026-01-28 08:00:46	14991360	31994281984	0	27788230656	744652800	186564608	2392064	47808512	0	4243456	20662255616	40798191616	32533643264	12806995968	49152	0	130367488	65536	0	0
2026-01-28 08:00:47	12484608	31985221632	0	27794866176	744407040	208896000	12238848	57032704	0	131072	20650688512	40805744640	32533643264	12806995968	0	0	104267776	212992	0	0
2026-01-28 08:00:48	12550144	31984992256	0	27795701760	744439808	194838528	1343488	78348288	0	32768	20650573824	40790065152	32533643264	12806995968	0	0	104595456	229376	0	0
2026-01-28 08:00:49	17268736	31980158976	0	27887288320	685162496	211435520	11878400	72826880	0	196608	20650409984	40720072704	32533643264	12806995968	0	0	106577920	196608	0	0
2026-01-28 08:00:50	8486912	31993937920	0	27803598848	740835328	179257344	1359872	60702720	0	65536	20655456256	40799502336	32533643264	12806995968	0	0	98566144	294912	0	0
2026-01-28 08:00:51	10387456	31381520384	0	28421324800	742195200	213565440	12156928	586711040	32768	131072	20044906496	40780398592	32533610496	12806979584	32768	0	117080064	131072	0	0
2026-01-28 08:00:52	10010624	31389679616	0	28412674048	740376576	213942272	950272	45219840	720896	32768	20052672512	40787050496	32533610496	12806979584	0	0	162381824	16384	0	0
2026-01-28 08:00:53	7454720	31383896064	0	28406775808	745504768	226377728	13746176	89243648	0	147456	20044333056	40795176960	32532332544	12806504448	1277952	0	79855616	131072	0	0
2026-01-28 08:00:54	13090816	31375228928	0	28400877568	747143168	156958720	2392064	48693248	0	65536	20041318400	40800993280	32532332544	12806504448	0	0	106577920	147456	0	0
2026-01-28 08:00:55	17694720	31367397376	0	28406857728	746160128	150323200	1146880	54312960	0	32768	20038090752	40794128384	32532332544	12806504448	0	0	91324416	131072	0	0
2026-01-28 08:00:56	10895360	31378980864	0	28419407872	742408192	206356480	12173312	56868864	0	65536	20042907648	40781348864	32532299776	12806455296	32768	0	102383616	114688	0	0
2026-01-28 08:00:57	11206656	30785912832	0	29001334784	747782144	186499072	950272	578158592	0	32768	19450200064	40795111424	32532283392	12806455296	16384	0	132677632	131072	0	0
2026-01-28 08:00:58	11091968	30787698688	0	28987392000	747667456	276086784	12320768	87408640	0	163840	19451346944	40808955904	32532283392	12806455296	0	0	142688256	49152	0	0
2026-01-28 08:00:59	16105472	30773395456	0	29031284736	738508800	227377152	2801664	49102848	0	3244032	19442089984	40778973184	32532267008	12806455296	16384	0	170737664	180224	0	0
2026-01-28 08:01:00	11485184	30767742976	0	29016211456	740671488	341688320	17006592	74678272	0	163840	19431751680	40809021440	32532217856	12806422528	49152	0	145833984	114688	0	0
2026-01-28 08:01:01	22102016	30141595648	0	29662232576	734347264	215678976	1605632	587005952	0	32768	18795003904	40796913664	32532201472	12806422528	16384	0	157335552	163840	0	0
2026-01-28 08:01:02	19808256	30158503936	0	29647650816	742146048	263192576	12353536	58163200	0	131072	18809700352	40797896704	32532037632	12806324224	163840	0	158302208	196608	0	0
2026-01-28 08:01:03	19054592	30163156992	0	29653549056	739196928	239009792	1310720	77004800	0	360448	18813648896	40791900160	32532037632	12806324224	0	0	151928832	229376	0	0
2026-01-28 08:01:04	17825792	30159847424	0	29662363648	738377728	258850816	12222464	56295424	0	98304	18809094144	40784150528	32532021248	12806307840	16384	0	160694272	114688	0	0
2026-01-28 08:01:06	10665984	29563207680	0	30348804096	677838848	312573952	8978432	112427008	0	65536	18205163520	40713879552	32531955712	12806275072	32768	0	149733376	262144	0	0
2026-01-28 08:01:07	15663104	29560504320	0	30271569920	726548480	201490432	6569984	51281920	0	65536	18207621120	40781807616	32531939328	12806242304	16384	0	133627904	163840	0	0
2026-01-28 08:01:08	18415616	29557063680	0	30253629440	744964096	266321920	4521984	83050496	0	196608	18207047680	40800534528	32531857408	12806176768	81920	0	163921920	163840	0	0
2026-01-28 08:01:09	18874368	29183557632	0	30868586496	739426304	260014080	12107776	588201984	0	131072	17611882496	40781348864	32531857408	12806176768	0	0	161251328	163840	0	0
2026-01-28 08:01:10	21135360	28847882240	0	31517868032	744308736	227835904	950272	626671616	65536	65536	16940793856	40800354304	32531824640	12806176768	32768	0	164216832	327680	0	0
2026-01-28 08:01:11	18972672	28847816704	0	31536381952	739475456	264126464	12402688	67731456	16384	131072	16941170688	40781742080	32531808256	12806176768	16384	0	147931136	32768	0	0
2026-01-28 08:01:12	22495232	28847980544	0	31523553280	745406464	196116480	950272	43958272	0	65536	16939728896	40795799552	32531808256	12806176768	0	0	146161664	196608	0	0
2026-01-28 08:01:13	27492352	28846440448	0	31536496640	739966976	270401536	12255232	87310336	0	98304	16937058304	40782184448	32531791872	12806176768	16384	0	151502848	180224	0	0
2026-01-28 08:01:14	18907136	28857565184	0	31522553856	739590144	229736448	1359872	47939584	0	98304	16940941312	40794619904	32531775488	12806176768	16384	0	162545664	147456	0	0
2026-01-28 08:01:15	16498688	28848914432	0	31537381376	739049472	272875520	11943936	62832640	0	131072	16931176448	40785100800	32531775488	12806176768	0	0	168837120	196608	0	0
2026-01-28 08:01:16	12664832	28867379200	0	31516278784	745046016	215547904	950272	46481408	0	32768	16943054848	40805466112	32531775488	12806176768	0	0	155353088	98304	0	0
2026-01-28 08:01:17	9535488	28873867264	0	31515590656	742572032	292339712	12304384	67092480	0	3309568	16946249728	40804466688	32531759104	12806176768	16384	0	176439296	147456	0	0
2026-01-28 08:01:18	10240000	28856664064	0	31522258944	742703104	230375424	1310720	76627968	0	65536	16936534016	40797421568	32531759104	12806176768	0	0	144228352	180224	0	0
2026-01-28 08:01:19	19202048	28797534208	0	31617056768	681607168	252805120	12058624	72089600	0	163840	16924278784	40711487488	32531759104	12806176768	0	0	151355392	196608	0	0
2026-01-28 08:01:20	15859712	28848947200	0	31525273600	745521152	199999488	1359872	47185920	0	65536	16940990464	40793407488	32531759104	12806176768	0	0	142868480	196608	0	0
2026-01-28 08:01:21	17776640	28848570368	0	31530401792	740491264	242270208	11993088	56721408	557056	65536	16936271872	40789557248	32531759104	12806176768	0	0	144162816	131072	0	0
2026-01-28 08:01:22	20267008	28847652864	0	31521193984	746340352	203980800	950272	55836672	0	65536	16940285952	40797110272	32531759104	12806176768	0	0	142524416	98304	0	0
2026-01-28 08:01:23	13598720	28852781056	0	31528304640	741425152	247169024	4128768	79200256	0	131072	16939335680	40792571904	32531759104	12806176768	0	0	140083200	16384	0	0
2026-01-28 08:01:24	14745600	28848766976	0	31535480832	740704256	246202368	11026432	57966592	0	98304	16939057152	40783708160	32531759104	12806176768	0	0	150372352	32768	0	0
2026-01-28 08:01:25	14893056	28859203584	0	31516540928	745308160	216973312	2392064	47972352	0	81920	16942383104	40801714176	32531742720	12806176768	16384	0	155828224	65536	0	0
2026-01-28 08:01:27	13041664	28849946624	0	31526305792	740196352	246120448	1310720	62750720	0	98304	16936550400	40795586560	32531742720	12806176768	0	0	170901504	147456	0	0
2026-01-28 08:01:28	13582336	28852338688	0	31523602432	746209280	288456704	12107776	76775424	0	131072	16942907392	40794603520	32531726336	12806176768	16384	0	170246144	114688	0	0
2026-01-28 08:01:29	10125312	28859465728	0	31518720000	740163584	228196352	1359872	46792704	0	4259840	16946774016	40796340224	32531726336	12806176768	0	0	171737088	32768	0	0
2026-01-28 08:01:30	9535488	28867559424	0	31535235072	735789056	268288000	11927552	55083008	0	114688	16954212352	40777596928	32531726336	12806176768	0	0	171917312	81920	0	0
2026-01-28 08:01:31	7651328	28853878784	0	31535726592	736854016	425869312	950272	321339392	0	32768	16688414720	41053880320	32531726336	12806176768	0	0	107315200	131072	0	0
2026-01-28 08:01:32	7208960	28485795840	0	32270057472	710410240	298172416	12664832	976175104	0	31342592	15804858368	41201942528	32531726336	12806176768	0	0	5292032	442368	0	0
2026-01-28 08:01:33	23216128	28411019264	0	32577257472	624394240	126894080	966656	101433344	0	64323584	15820963840	40855617536	32531726336	12806176768	0	0	262144	0	0	0
2026-01-28 08:01:34	23658496	28408496128	0	32321830912	650051584	92962816	3489792	59441152	65536	0	15821389824	41123053568	32531726336	12806176768	0	0	229376	0	0	0
2026-01-28 08:01:35	20348928	28460974080	0	32267010048	664125440	110739456	12681216	61079552	0	1015808	15813001216	41184968704	32531726336	12806176768	0	0	638976	425984	0	0
2026-01-28 08:01:36	20463616	28432089088	0	32351240192	606470144	103907328	950272	92127232	0	0	15813132288	41100148736	32531726336	12806176768	0	0	16384	0	0	0
2026-01-28 08:01:37	21168128	28473458688	0	32269271040	667238400	134922240	12402688	85770240	0	0	15813853184	41187950592	32531660800	12806160384	65536	0	720896	0	0	0
2026-01-28 08:01:38	21233664	28470837248	0	32273088512	667566080	69730304	1359872	54411264	0	0	15813902336	41178972160	32531660800	12806160384	0	0	32768	0	0	0
2026-01-28 08:01:39	4177920	28501245952	0	32265601024	665993216	205406208	12075008	57868288	0	65536	15778660352	41238691840	32476807168	12783616000	54673408	0	262144	655360	0	0
2026-01-28 08:01:40	4407296	28489318400	0	32295321600	661815296	68780032	950272	53215232	0	16384	15778906112	41214656512	32476479488	12783452160	278528	0	32768	0	0	0
2026-01-28 08:01:41	2670592	28492038144	0	32282001408	666943488	112705536	13303808	59883520	81920	32768	15770894336	41227255808	32476463104	12783435776	16384	0	475136	196608	0	0
2026-01-28 08:01:42	2752512	28494069760	0	32277217280	665239552	89636864	1310720	75972608	0	0	15770976256	41231286272	32476463104	12783435776	0	0	49152	0	0	0
2026-01-28 08:01:43	3473408	28430942208	0	32291389440	640811008	120881152	13795328	67993600	0	18939904	15665070080	41215148032	32476463104	12783435776	0	0	1327104	180224	0	0
2026-01-28 08:01:44	3653632	28437643264	0	32273121280	647430144	60768256	1359872	47284224	0	0	15665233920	41234235392	32476446720	12783435776	16384	0	32768	0	0	0
2026-01-28 08:01:45	4112384	28492824576	0	32289439744	648265728	374177792	28770304	127959040	0	131072	15725363200	41287221248	32476332032	12783321088	114688	0	69599232	360448	0	0
2026-01-28 08:01:46	3997696	28494561280	0	32285048832	646037504	418349056	1048576	405979136	0	3178496	15583936512	41428058112	32476332032	12783321088	0	0	16384	180224	0	0
2026-01-28 08:01:48	3670016	28436250624	0	32384958464	590741504	554024960	14680064	484540416	0	65536	15290400768	41618391040	32475938816	12783190016	344064	0	311296	245760	0	0
2026-01-28 08:01:49	3964928	28192145408	0	32891305984	584777728	304005120	950272	634732544	0	2457600	14905671680	41499574272	32475938816	12783190016	0	0	98304	0	0	0
2026-01-28 08:01:50	4423680	28212772864	0	32846970880	636764160	135151616	12648448	71581696	0	32768	14896840704	41548005376	32475873280	12783173632	65536	0	1114112	49152	0	0
2026-01-28 08:01:51	1818624	28352413696	0	32319176704	625606656	58179584	950272	49496064	688128	26132480	14663286784	42061348864	32475742208	12783124480	131072	0	16384	131072	0	0
2026-01-28 08:01:52	4276224	28086403072	0	32863649792	609501184	154451968	12288000	109740032	0	16384	14666743808	41534275584	32475627520	12783091712	114688	0	3309568	0	0	0
2026-01-28 08:01:53	4390912	28157427712	0	32303546368	632078336	62373888	1359872	48676864	0	0	14666874880	42094542848	32475561984	12783075328	65536	0	32768	0	0	0
2026-01-28 08:01:54	10125312	28249112576	0	32300777472	640303104	126124032	13680640	71041024	0	0	14672707584	42098819072	32475480064	12783058944	81920	0	327680	0	0	0
2026-01-28 08:01:55	10141696	28297330688	0	32293404672	642236416	58064896	950272	46301184	0	0	14672740352	42105651200	32475463680	12783042560	16384	0	16384	0	0	0
2026-01-28 08:01:56	10207232	28366733312	0	32310083584	643186688	109477888	12484608	59949056	0	16384	14672822272	42095280128	32475430912	12783042560	32768	0	245760	0	0	0
2026-01-28 08:01:57	10223616	28365062144	0	32303398912	632635392	91619328	1310720	77463552	0	0	14672855040	42090299392	32475430912	12783042560	0	0	49152	0	0	0
2026-01-28 08:01:58	10420224	28360015872	0	32310263808	632668160	87867392	4784128	52789248	0	131072	14673182720	42083532800	32475430912	12783042560	0	0	409600	0	0	0
2026-01-28 08:01:59	11812864	28359557120	0	32306413568	625557504	143179776	14860288	74760192	0	4194304	14674575360	42085171200	32475201536	12782993408	229376	0	311296	0	0	0
2026-01-28 08:02:00	11845632	28315435008	0	32301547520	625082368	57278464	950272	45465600	0	16384	14674624512	41992847360	32475119616	12782960640	16384	0	16384	0	0	0
2026-01-28 08:02:01	3063808	28267167744	0	32514572288	569540608	104251392	12025856	60538880	0	51200000	14635548672	41919971328	32475070464	12782960640	49152	0	2605056	835584	0	0
2026-01-28 08:02:02	4112384	28048900096	0	32882655232	552763392	99057664	1720320	180502528	0	0	14637367296	41483157504	32475070464	12782960640	0	0	1703936	0	0	0
2026-01-28 08:02:03	4980736	28056289280	0	32867598336	569884672	103972864	11976704	57016320	0	0	14638284800	41499983872	32475070464	12782960640	0	0	770048	0	0	0
2026-01-28 08:02:04	5521408	28179988480	0	32325632000	586006528	80920576	950272	67289088	0	0	14638809088	42061774848	32475037696	12782944256	32768	0	16384	0	0	0
2026-01-28 08:02:05	5619712	28245426176	0	32318455808	587743232	119373824	13451264	65847296	0	0	14638923776	42075897856	32475021312	12782944256	16384	0	245760	0	0	0
2026-01-28 08:02:06	5619712	28303294464	0	32399327232	534331392	99532800	950272	88817664	0	0	14638923776	41994911744	32475004928	12782927872	16384	0	16384	0	0	0
2026-01-28 08:02:07	5963776	28340764672	0	32329990144	591560704	137461760	12746752	89407488	0	0	14639284224	42065313792	32475004928	12782927872	0	0	262144	0	0	0
2026-01-28 08:02:09	17367040	27984658432	0	32675168256	552599552	110870528	12353536	58490880	0	0	14654717952	41795682304	32462372864	12778962944	163840	0	917504	0	0	0
2026-01-28 08:02:10	18497536	28172713984	0	32620855296	587399168	126926848	4456448	68648960	0	0	14656143360	41866100736	32447873024	12775571456	14499840	0	229376	0	0	0
2026-01-28 08:02:11	24690688	28274655232	0	32362463232	604553216	175783936	6373376	65748992	0	0	14663516160	42136158208	32447676416	12775555072	196608	0	4915200	0	0	0
2026-01-28 08:02:12	24707072	28371255296	0	32340721664	604487680	132988928	12435456	83525632	0	0	14663532544	42143416320	32447660032	12775555072	16384	0	229376	0	0	0
2026-01-28 08:02:13	24870912	28330934272	0	32567508992	511311872	56082432	950272	46088192	0	82657280	14663696384	42063462400	32447545344	12775538688	16384	0	16384	0	0	0
2026-01-28 08:02:14	25280512	28207775744	0	32616972288	474120192	114409472	13418496	78659584	0	1589248	14664155136	41815818240	32447430656	12775505920	114688	0	344064	0	0	0
2026-01-28 08:02:15	25722880	28053864448	0	32930676736	516669440	74727424	950272	61014016	0	0	14665121792	41516007424	32447381504	12775505920	49152	0	753664	0	0	0
2026-01-28 08:02:16	25772032	28156329984	0	32339492864	537313280	103022592	12075008	55410688	0	3145728	14665170944	42096984064	32447348736	12775489536	32768	0	212992	0	0	0
2026-01-28 08:02:17	25821184	28340535296	0	32354729984	542507008	97730560	1720320	80674816	0	0	14665236480	42082025472	32447086592	12775407616	262144	0	65536	0	0	0
2026-01-28 08:02:18	26050560	28277325824	0	32538902528	482017280	191905792	12255232	139591680	0	0	14665465856	41953542144	32447086592	12775407616	0	0	212992	0	0	0
2026-01-28 08:02:19	26066944	28313501696	0	32451690496	519897088	74547200	1048576	62013440	0	5324800	14665482240	42030071808	32447086592	12775407616	0	0	16384	0	0	0
2026-01-28 08:02:20	26116096	28306735104	0	32414679040	526958592	132464640	12484608	81969152	0	0	14665531392	42012786688	32447086592	12775407616	0	0	229376	0	0	0
2026-01-28 08:02:21	26132480	28312961024	0	32396673024	530464768	59441152	950272	46694400	819200	0	14665547776	42028695552	32447070208	12775391232	16384	0	16384	0	0	0
2026-01-28 08:02:22	3194880	28146089984	0	32532758528	354353152	147619840	3178496	127631360	2719744	144343040	14569340928	41761210368	32447004672	12775309312	16384	0	1146880	294912	0	0
2026-01-28 08:02:23	5390336	27898101760	0	33137459200	370278400	179093504	12156928	217186304	0	81920	14572371968	41253093376	32446922752	12775276544	81920	0	10485760	0	0	0
2026-01-28 08:02:24	6111232	27893432320	0	32927416320	377618432	106004480	950272	84574208	0	13467648	14573355008	41443770368	32446906368	12775260160	16384	0	262144	0	0	0
2026-01-28 08:02:25	6373376	28065529856	0	32466141184	390758400	159498240	14024704	101629952	0	0	14573633536	41906405376	32446873600	12775243776	32768	0	278528	0	0	0
2026-01-28 08:02:26	6422528	28119957504	0	32447627264	399392768	95961088	950272	81297408	0	0	14573682688	41927360512	32446873600	12775243776	0	0	16384	0	0	0
2026-01-28 08:02:27	6488064	28225748992	0	32456769536	398999552	166723584	12419072	115671040	0	0	14570373120	41903456256	32446824448	12775211008	49152	0	229376	0	0	0
2026-01-28 08:02:28	6488064	28224962560	0	32457048064	388808704	94683136	1359872	79609856	0	0	14570373120	41891332096	32446791680	12775211008	32768	0	32768	0	0	0
2026-01-28 08:02:30	6717440	28215853056	0	32470204416	391610368	81870848	950272	68272128	0	131072	14570553344	41895542784	32446791680	12775211008	0	0	16384	0	0	0
2026-01-28 08:02:31	7290880	27909537792	0	33140817920	348291072	166199296	13484032	108642304	0	0	14571454464	41272918016	32446693376	12775178240	98304	0	589824	0	0	0
2026-01-28 08:02:32	6946816	28193144832	0	32586252288	386875392	110510080	1310720	94863360	0	0	14570881024	41825665024	32446693376	12775178240	0	0	32768	0	0	0
2026-01-28 08:02:33	9519104	28135260160	0	32761970688	360546304	183255040	950272	143556608	0	0	14573895680	41744384000	32446365696	12774932480	327680	0	180224	0	0	0
2026-01-28 08:02:34	10158080	28214214656	0	32658685952	417529856	205471744	12386304	153370624	0	16384	14574714880	41895657472	32446349312	12774932480	16384	0	344064	0	0	0
2026-01-28 08:02:35	4407296	28145664000	0	32966721536	398278656	102694912	950272	105283584	0	52297728	14477672448	41845964800	32446332928	12774932480	16384	0	49152	933888	0	0
2026-01-28 08:02:36	5980160	28160196608	0	32697106432	378650624	224722944	11911168	154697728	0	5242880	14446559232	41900916736	32446332928	12774932480	0	0	1310720	0	0	0
2026-01-28 08:02:37	7405568	27952775168	0	33115537408	450363392	152371200	1720320	131399680	0	0	14448476160	41491824640	32445628416	12774834176	704512	0	950272	0	0	0
2026-01-28 08:02:38	7749632	27982430208	0	32587481088	498581504	138248192	12124160	87031808	0	0	14448852992	42024976384	32445628416	12774834176	0	0	212992	0	0	0
2026-01-28 08:02:39	7749632	28058779648	0	32520552448	501219328	119439360	950272	100155392	0	0	14448852992	42019979264	32445628416	12774834176	0	0	16384	0	0	0
2026-01-28 08:02:40	7864320	28132442112	0	32488161280	504020992	170393600	11730944	118489088	0	0	14448967680	42038657024	32445628416	12774834176	0	0	212992	0	0	0
2026-01-28 08:02:41	10797056	28241428480	0	32484622336	526794752	90439680	950272	70778880	0	0	14452146176	42070851584	32445612032	12774834176	16384	0	16384	0	0	0
2026-01-28 08:02:42	11304960	28239691776	0	32486014976	519847936	132661248	6864896	98549760	0	0	14452981760	42072604672	32445399040	12774785024	212992	0	196608	0	0	0
2026-01-28 08:02:43	21741568	28254240768	0	32425033728	530251776	194740224	7536640	159285248	0	3145728	14463320064	42116939776	32445382656	12774785024	16384	0	1851392	0	0	0
2026-01-28 08:02:44	15073280	28159819776	0	32861519872	503382016	59768832	950272	50954240	0	65536	14350254080	42022174720	32445366272	12774785024	16384	0	16384	2244608	0	0
2026-01-28 08:02:45	17268736	27916730368	0	33076527104	511803392	156254208	13631488	200228864	0	32768	14352596992	41532194816	32445267968	12774719488	98304	0	1490944	0	0	0
2026-01-28 08:02:46	17563648	27913830400	0	33084571648	515833856	128155648	1359872	96698368	0	0	14352891904	41525870592	32445267968	12774719488	0	0	32768	0	0	0
2026-01-28 08:02:47	18120704	28165947392	0	32587677696	537378816	180649984	14123008	101810176	0	0	14353448960	42035298304	32445186048	12774703104	81920	0	294912	0	0	0
2026-01-28 08:02:48	18612224	28102737920	0	32717111296	454524928	132186112	16384	139231232	0	0	14353973248	41917546496	32445169664	12774703104	16384	0	49152	0	0	0
2026-01-28 08:02:49	19021824	28155232256	0	32660471808	488947712	198492160	15302656	143114240	0	0	14354677760	42010935296	32445136896	12774703104	32768	0	638976	0	0	0
2026-01-28 08:02:51	19759104	28204810240	0	32584581120	538984448	136069120	10993664	66748416	1179648	0	14355398656	42104340480	32445054976	12774653952	32768	0	229376	0	0	0
2026-01-28 08:02:52	21266432	28201828352	0	32576651264	583729152	120602624	1851392	92471296	0	16384	14356611072	42104930304	32445022208	12774637568	32768	0	147456	0	0	0
2026-01-28 08:02:53	27099136	28147859456	0	32604749824	619659264	63913984	2392064	43155456	0	16384	14362443776	41998958592	32445022208	12774637568	0	0	65536	0	0	0
2026-01-28 08:02:54	27377664	28120203264	0	32587513856	590921728	98009088	11354112	51118080	0	0	14362705920	41978281984	32445005824	12774637568	16384	0	196608	0	0	0
2026-01-28 08:02:55	28360704	28157657088	0	32513687552	609746944	63668224	1359872	47955968	0	0	14363705344	42051043328	32444989440	12774604800	16384	0	32768	0	0	0
2026-01-28 08:02:56	28098560	28192063488	0	32477380608	609845248	107724800	12075008	58703872	0	0	14363852800	42087071744	32444989440	12774604800	0	0	212992	0	0	0
2026-01-28 08:02:57	27213824	28192440320	0	32472514560	611237888	155418624	1310720	137478144	0	0	14362968064	42086465536	32444989440	12774604800	0	0	32768	0	0	0
2026-01-28 08:02:58	28180480	28209135616	0	32431226880	609124352	167428096	16433152	91193344	0	3145728	14363934720	42120085504	32444956672	12774604800	32768	0	655360	0	0	0
2026-01-28 08:02:59	8863744	28092579840	0	33064878080	551436288	68419584	1441792	55410688	81920	22528000	14229716992	41988620288	32444956672	12774604800	0	0	49152	2080768	0	0
2026-01-28 08:03:00	5144576	27822391296	0	33541406720	548978688	114556928	12009472	164888576	0	98304	14083768320	41584787456	32444956672	12774604800	0	0	2015232	294912	0	0
2026-01-28 08:03:01	5324800	27829436416	0	33087553536	563412992	68370432	1359872	53837824	0	0	14083997696	41599025152	32444956672	12774604800	0	0	49152	0	0	0
2026-01-28 08:03:02	5570560	28103000064	0	32542441472	589201408	111575040	6848512	79921152	0	1409024	14084341760	42153082880	32444956672	12774604800	0	0	147456	0	0	0
2026-01-28 08:03:03	5652480	28098265088	0	32535363584	588562432	83132416	6733824	47120384	0	16384	14084325376	42144088064	32444923904	12774604800	32768	0	114688	0	0	0
2026-01-28 08:03:04	5718016	28104179712	0	32510623744	589365248	59555840	1359872	41713664	0	0	14084374528	42151378944	32444923904	12774604800	0	0	32768	0	0	0
2026-01-28 08:03:05	5783552	28091170816	0	32563560448	530284544	143572992	11124736	100761600	0	0	14084456448	42117529600	32444923904	12774604800	0	0	196608	0	0	0
2026-01-28 08:03:06	5832704	28112191488	0	32466567168	581844992	65961984	950272	50249728	0	65536	14084505600	42203611136	32444874752	12774588416	49152	0	16384	0	0	0
2026-01-28 08:03:07	6553600	28109029376	0	32512786432	578568192	162447360	14237696	98844672	0	0	14085226496	42160783360	32444874752	12774588416	0	0	311296	0	0	0
2026-01-28 08:03:08	6750208	28126216192	0	32465158144	591069184	45694976	950272	31506432	0	0	14085423104	42201808896	32444858368	12774572032	16384	0	16384	0	0	0
2026-01-28 08:03:09	6750208	28059762688	0	32556466176	565264384	144801792	11091968	64962560	0	0	14085423104	42067329024	32424542208	12765872128	20316160	0	196608	0	0	0
2026-01-28 08:03:10	7684096	28065349632	0	32717258752	576241664	66650112	2801664	53280768	0	16384	14086356992	42074750976	32424542208	12765872128	0	0	131072	0	0	0
2026-01-28 08:03:12	7651328	27903606784	0	32542130176	592936960	89210880	1310720	75218944	0	0	14086488064	42202120192	32424460288	12765822976	0	0	32768	0	0	0
2026-01-28 08:03:13	7815168	28019294208	0	32537559040	600326144	115441664	12386304	64339968	0	1736704	14086750208	42210525184	32424460288	12765822976	0	0	229376	0	0	0
2026-01-28 08:03:14	7897088	28087042048	0	32528334848	588972032	80855040	1048576	57458688	0	0	14086717440	42199302144	32424460288	12765822976	0	0	16384	0	0	0
2026-01-28 08:03:15	20938752	28142403584	0	32508018688	593477632	72433664	950272	50987008	0	0	14099922944	42234609664	32423362560	12765396992	1097728	0	966656	0	0	0
2026-01-28 08:03:16	47333376	28141027328	0	32488095744	596115456	100679680	11468800	48398336	0	0	14126022656	42255810560	32420708352	12764315648	2654208	0	294912	0	0	0
2026-01-28 08:03:17	47464448	28121088000	0	32513376256	595509248	87326720	1310720	73089024	0	0	14126153728	42228662272	32420528128	12764200960	180224	0	32768	0	0	0
2026-01-28 08:03:18	51986432	28090662912	0	32573063168	542801920	126418944	12206080	71958528	0	0	14130774016	42168434688	32420085760	12763824128	442368	0	294912	0	0	0
2026-01-28 08:03:19	53559296	28037562368	0	32580354048	567443456	74055680	409600	58277888	0	327680	14131593216	42088022016	32419790848	12763725824	294912	0	81920	0	0	0
2026-01-28 08:03:20	53739520	28058583040	0	32565231616	583647232	98451456	12238848	47824896	0	0	14131838976	42101030912	32419479552	12763480064	311296	0	229376	0	0	0
2026-01-28 08:03:21	54296576	28056928256	0	32568967168	586645504	58245120	950272	42647552	966656	0	14132674560	42098278400	32419348480	12763430912	131072	0	16384	0	0	0
2026-01-28 08:03:22	55017472	28069068800	0	32961675264	598228992	156057600	14172160	97075200	0	0	14133395456	42127196160	32419332096	12763430912	16384	0	409600	0	0	0
2026-01-28 08:03:23	55345152	28065087488	0	32786071552	595935232	52363264	950272	47742976	0	0	14133739520	42121134080	32419332096	12763430912	0	0	32768	0	0	0
2026-01-28 08:03:24	55377920	27850899456	0	33122418688	562118656	98336768	6471680	163086336	0	16384	14133968896	41667854336	32419315712	12763414528	16384	0	245760	0	0	0
2026-01-28 08:03:25	55394304	27885830144	0	32512131072	594231296	90767360	8290304	54296576	0	0	14133936128	42274013184	32419315712	12763414528	0	0	180224	0	0	0
2026-01-28 08:03:26	55443456	27909652480	0	32494010368	610287616	59244544	950272	47464448	0	81920	14133985280	42293936128	32418889728	12763070464	16384	0	16384	0	0	0
2026-01-28 08:03:27	55902208	28121038848	0	32551239680	597983232	138706944	12648448	89047040	0	32768	14134444032	42234724352	32418889728	12763070464	0	0	229376	0	0	0
2026-01-28 08:03:28	55967744	28130738176	0	32529186816	598654976	57442304	1359872	42418176	0	0	14134509568	42256728064	32418889728	12763070464	0	0	32768	0	0	0
2026-01-28 08:03:29	55967744	28097462272	0	32607961088	572489728	126058496	12140544	66420736	0	16384	14134509568	42181574656	32418873344	12763054080	16384	0	212992	0	0	0
2026-01-28 08:03:30	56098816	28116336640	0	32562315264	591855616	60047360	0	45432832	0	0	14134640640	42238214144	32418873344	12763054080	0	0	0	0	0	0
2026-01-28 08:03:31	56131584	28105785344	0	32592265216	585007104	113278976	12845056	61652992	0	0	14134591488	42205364224	32418873344	12763054080	0	0	229376	0	0	0
2026-01-28 08:03:33	56164352	28091006976	0	32578404352	594313216	116539392	12140544	63963136	0	0	14134722560	42122477568	32418414592	12762791936	0	0	212992	0	0	0
2026-01-28 08:03:34	56213504	28082913280	0	32579960832	583729152	55754752	1359872	35241984	0	507904	14134771712	42103799808	32418398208	12762791936	16384	0	32768	0	0	0
2026-01-28 08:03:35	56262656	28061827072	0	32573833216	534544384	142426112	10993664	98107392	0	0	14134935552	42120380416	32418381824	12762791936	16384	0	196608	0	0	0
2026-01-28 08:03:36	56262656	28072493056	0	32531644416	573652992	67485696	966656	50823168	0	0	14134837248	42157703168	32418381824	12762791936	0	0	16384	0	0	0
2026-01-28 08:03:37	56442880	28075622400	0	32562790400	584368128	116604928	1720320	92045312	0	16384	14135017472	42137255936	32418349056	12762791936	32768	0	49152	0	0	0
2026-01-28 08:03:38	56655872	28071165952	0	32539213824	586285056	107626496	12075008	59080704	0	0	14135230464	42162634752	32418349056	12762791936	0	0	212992	0	0	0
2026-01-28 08:03:39	56557568	27844165632	0	33179402240	557711360	58179584	950272	142426112	0	0	14135328768	41646473216	32417988608	12762513408	360448	0	98304	0	0	0
2026-01-28 08:03:40	56639488	27891089408	0	32579092480	590626816	129990656	13320192	69287936	0	0	14135410688	42245210112	32417955840	12762497024	32768	0	245760	0	0	0
2026-01-28 08:03:41	1916928	28069232640	0	33087684608	592019456	84836352	3424256	52199424	0	3047424	13912244224	42244931584	32417955840	12762497024	0	0	835584	1736704	0	0
2026-01-28 08:03:42	2818048	28038643712	0	33125695488	590970880	132317184	12304384	91815936	0	65536	13873414144	42225745920	32417955840	12762497024	0	0	737280	0	0	0
2026-01-28 08:03:43	3129344	27763916800	0	33159692288	570327040	75284480	2801664	57737216	0	0	13873872896	41684303872	32417923072	12762480640	32768	0	311296	0	0	0
2026-01-28 08:03:44	3325952	27817197568	0	32601276416	582680576	119930880	12419072	63209472	0	0	13874069504	42227531776	32417923072	12762480640	0	0	212992	0	0	0
2026-01-28 08:03:45	4096000	27923005440	0	32543227904	604618752	81248256	0	61931520	0	540672	13874855936	42308141056	32417628160	12762267648	294912	0	0	0	0	0
2026-01-28 08:03:46	4718592	27982528512	0	32524304384	608108544	111493120	14172160	55787520	0	65536	13875478528	42324066304	32417628160	12762267648	0	0	278528	0	0	0
2026-01-28 08:03:47	4718592	28014886912	0	32670072832	538951680	113098752	1310720	96288768	0	0	13875478528	42179739648	32417628160	12762267648	0	0	32768	0	0	0
2026-01-28 08:03:48	4931584	28052176896	0	32561954816	575504384	129515520	12238848	71680000	0	0	13875740672	42280501248	32417611776	12762267648	16384	0	262144	0	0	0
2026-01-28 08:03:49	5046272	28024438784	0	32646709248	566820864	62095360	2801664	42614784	0	16384	13875855360	42199711744	32417611776	12762267648	0	0	81920	0	0	0
2026-01-28 08:03:50	5128192	27995815936	0	32605716480	589545472	50675712	1245184	37158912	0	0	13875937280	42137174016	32417611776	12762267648	0	0	16384	0	0	0
2026-01-28 08:03:51	5259264	28008873984	0	32590249984	592166912	122945536	11108352	75513856	1081344	0	13876035584	42174988288	32417611776	12762267648	0	0	196608	0	0	0
2026-01-28 08:03:52	5292032	27994603520	0	32627376128	580009984	115605504	1720320	91340800	0	0	13876068352	42142711808	32417611776	12762267648	0	0	49152	0	0	0
2026-01-28 08:03:54	11304960	27977777152	0	33014562816	568262656	53673984	950272	46792704	0	0	13881982976	42111090688	32417595392	12762267648	16384	0	16384	0	0	0
2026-01-28 08:03:55	11386880	27797504000	0	33136934912	562429952	149716992	15024128	175439872	0	0	13882310656	41738207232	32417595392	12762267648	0	0	425984	0	0	0
2026-01-28 08:03:56	11550720	27835449344	0	32551370752	585547776	69894144	950272	55394304	16384	0	13882458112	42322018304	32417595392	12762267648	0	0	16384	0	0	0
2026-01-28 08:03:57	11616256	28049539072	0	32564838400	601571328	137658368	12271616	89128960	0	491520	13882523648	42308075520	32417579008	12762251264	16384	0	229376	0	0	0
2026-01-28 08:03:58	11698176	28063268864	0	32584384512	590397440	79216640	2277376	56639488	0	0	13882589184	42298769408	32417562624	12762251264	16384	0	65536	0	0	0
2026-01-28 08:03:59	12926976	28028485632	0	32688783360	563363840	148619264	13549568	83263488	0	0	13883834368	42216439808	32417562624	12762251264	0	0	262144	0	0	0
2026-01-28 08:04:00	12992512	28049686528	0	32646283264	575307776	60981248	950272	48480256	0	0	13883899904	42250960896	32417529856	12762218496	32768	0	16384	0	0	0
2026-01-28 08:04:01	13025280	28055060480	0	32616628224	589316096	80920576	6209536	49496064	0	0	13884030976	42279649280	32417497088	12762169344	32768	0	131072	0	0	0
2026-01-28 08:04:02	13074432	28040577024	0	32608223232	589791232	111460352	7684096	78348288	0	0	13883981824	42187210752	32417497088	12762169344	0	0	131072	0	0	0
2026-01-28 08:04:03	13434880	28027338752	0	32627621888	587530240	65961984	950272	51101696	0	0	13884325888	42167140352	32417497088	12762169344	0	0	16384	0	0	0
2026-01-28 08:04:04	13664256	28019294208	0	32947372032	566116352	120553472	12402688	68681728	0	0	13884555264	42135257088	32417480704	12762169344	16384	0	229376	0	0	0
2026-01-28 08:04:05	13615104	27757953024	0	33237958656	489472000	104775680	950272	192167936	0	0	13884686336	41666101248	32417415168	12762136576	65536	0	98304	0	0	0
2026-01-28 08:04:06	13795328	27828764672	0	32559022080	569802752	105758720	11026432	60817408	0	196608	13884866560	42355769344	32417415168	12762136576	0	0	196608	0	0	0
2026-01-28 08:04:07	13860864	28034023424	0	32586809344	600129536	102465536	3080192	81084416	0	0	13884932096	42328424448	32417398784	12762136576	16384	0	98304	0	0	0
2026-01-28 08:04:08	13910016	28084060160	0	32595935232	589873152	103940096	12009472	56786944	0	0	13884981248	42317873152	32417366016	12762120192	32768	0	212992	0	0	0
2026-01-28 08:04:09	14073856	28036661248	0	32700252160	563658752	60588032	950272	48922624	0	0	13885145088	42227449856	32417366016	12762120192	0	0	16384	0	0	0
2026-01-28 08:04:10	14172160	28061696000	0	32648986624	582729728	118669312	12484608	65847296	0	0	13885243392	42276732928	32417349632	12762120192	16384	0	229376	0	0	0
2026-01-28 08:04:11	14991360	28064628736	0	32643055616	589889536	97157120	2392064	67502080	0	0	13886062592	42288594944	32417349632	12762120192	0	0	65536	0	0	0
2026-01-28 08:04:12	15056896	28022734848	0	32630325248	590118912	117686272	6701056	85032960	0	0	13886226432	42208854016	32417316864	12762120192	32768	0	131072	0	0	0
2026-01-28 08:04:13	15073280	28006645760	0	32662765568	578699264	79855616	7798784	45268992	0	0	13886128128	42165878784	32417316864	12762120192	0	0	147456	0	0	0
2026-01-28 08:04:15	15138816	28025765888	0	32605061120	579338240	113082368	12042240	62390272	0	0	13886210048	42208706560	32417316864	12762120192	0	0	212992	0	0	0
2026-01-28 08:04:16	15433728	28039086080	0	32588627968	592216064	74842112	409600	54034432	0	0	13886521344	42245373952	32417267712	12762087424	49152	0	131072	0	0	0
2026-01-28 08:04:17	15450112	27992473600	0	32693321728	533643264	159776768	12271616	113082368	0	0	13886537728	42142351360	32417234944	12762087424	32768	0	229376	0	0	0
2026-01-28 08:04:18	18055168	27997716480	0	33060503552	535560192	157040640	950272	142344192	0	0	13889486848	42159865856	32413335552	12761071616	3899392	0	212992	0	0	0
2026-01-28 08:04:19	18137088	27988656128	0	33129971712	551763968	103645184	12615680	61440000	0	49152	13889601536	42142318592	32413302784	12761071616	32768	0	229376	0	0	0
2026-01-28 08:04:20	18087936	27781758976	0	33244938240	552697856	63012864	950272	148946944	0	0	13889716224	41731293184	32413220864	12761038848	81920	0	114688	0	0	0
2026-01-28 08:04:21	18186240	27881537536	0	32661340160	585383936	104071168	12042240	56573952	720896	0	13889814528	42317053952	32413220864	12761038848	0	0	212992	0	0	0
2026-01-28 08:04:22	17563648	28048637952	0	32718536704	602947584	131743744	3162112	98844672	0	0	13889814528	42263609344	32413188096	12761038848	32768	0	98304	0	0	0
2026-01-28 08:04:23	21397504	28068691968	0	32680673280	601276416	125698048	11927552	68026368	0	0	13902970880	42303537152	32413106176	12761022464	81920	0	10190848	0	0	0
2026-01-28 08:04:24	22642688	28052946944	0	32686653440	581451776	70189056	2506752	49020928	0	16384	13904445440	42275061760	32412123136	12760727552	835584	0	65536	0	0	0
2026-01-28 08:04:25	29720576	28090433536	0	32611008512	597655552	74039296	1359872	58032128	0	0	13911654400	42346790912	32411336704	12760629248	770048	0	163840	0	0	0
2026-01-28 08:04:26	29933568	28099035136	0	32601751552	601653248	94617600	11239424	50724864	0	0	13911883776	42364682240	32411287552	12760612864	49152	0	229376	0	0	0
2026-01-28 08:04:27	30212096	28065939456	0	32653721600	600719360	128548864	3768320	91602944	0	0	13912244224	42263494656	32411287552	12760612864	0	0	131072	0	0	0
2026-01-28 08:04:28	30261248	28057600000	0	32655065088	600358912	108249088	12615680	57475072	0	0	13912293376	42256728064	32411287552	12760612864	0	0	229376	0	0	0
2026-01-28 08:04:29	30277632	28011233280	0	32734691328	564346880	74399744	950272	53641216	0	0	13912309760	42161356800	32411287552	12760612864	0	0	16384	0	0	0
2026-01-28 08:04:30	30392320	28023406592	0	32674922496	594722816	96862208	12091392	49905664	0	278528	13912424448	42218373120	32411287552	12760612864	0	0	212992	0	0	0
2026-01-28 08:04:31	37388288	28029009920	0	32669401088	609042432	72368128	2277376	54312960	0	0	13919420416	42228908032	32411287552	12760612864	0	0	1261568	0	0	0
2026-01-28 08:04:32	37421056	28031582208	0	32672907264	606322688	125698048	11517952	80592896	0	0	13919453184	42233544704	32411287552	12760612864	0	0	212992	0	0	0
2026-01-28 08:04:33	37568512	28033089536	0	32654770176	606699520	68452352	950272	55607296	0	0	13919584256	42252091392	32410927104	12760383488	360448	0	16384	0	0	0
2026-01-28 08:04:34	37568512	28032106496	0	32658276352	597934080	116670464	12402688	63275008	0	16384	13919584256	42235641856	32410927104	12760383488	0	0	229376	0	0	0
2026-01-28 08:04:36	37634048	28047622144	0	32613695488	597901312	72384512	6701056	42385408	0	0	13919764480	42287464448	32410927104	12760383488	0	0	114688	0	0	0
2026-01-28 08:04:37	37683200	28036628480	0	32642383872	608452608	112410624	7323648	78610432	0	0	13919633408	42238509056	32410927104	12760383488	0	0	147456	0	0	0
2026-01-28 08:04:38	9879552	28046393344	0	33160019968	585252864	52232192	0	47529984	81920	20283392	13893238784	42234626048	32410910720	12760383488	16384	0	0	2850816	0	0
2026-01-28 08:04:39	2277376	27992113152	0	33271791616	542310400	100073472	11911168	60325888	0	32768	13854490624	42150477824	32410910720	12760383488	0	0	1310720	131072	0	0
2026-01-28 08:04:40	2457600	27736915968	0	33276919808	543571968	63586304	1359872	148963328	0	524288	13771358208	41725837312	32410861568	12760367104	49152	0	311296	0	0	0
2026-01-28 08:04:41	2506752	27778809856	0	32655687680	573521920	120307712	12075008	69582848	0	0	13771407360	42312974336	32410861568	12760367104	0	0	212992	0	0	0
2026-01-28 08:04:42	2670592	28009103360	0	32692011008	598540288	94715904	2752512	76644352	0	0	13771571200	42311598080	32410861568	12760367104	0	0	147456	0	0	0
2026-01-28 08:04:43	2867200	28031303680	0	32686407680	597082112	121798656	12337152	69320704	0	0	13771751424	42316333056	32410812416	12760350720	49152	0	229376	0	0	0
2026-01-28 08:04:44	2899968	28027944960	0	32685522944	587120640	44957696	950272	33947648	0	16384	13771784192	42307125248	32410812416	12760350720	0	0	16384	0	0	0
2026-01-28 08:04:45	2916352	28047327232	0	32656490496	578142208	95338496	12140544	48562176	0	0	13771816960	42320494592	32410812416	12760350720	0	0	212992	0	0	0
2026-01-28 08:04:47	2916352	28051701760	0	32636338176	587956224	65060864	2801664	41664512	0	0	13771816960	42337583104	32410796032	12760350720	16384	0	81920	0	0	0
2026-01-28 08:04:48	2965504	27990458368	0	32765034496	520470528	144556032	11468800	100663296	0	0	13771964416	42228400128	32410796032	12760350720	0	0	212992	0	0	0
2026-01-28 08:04:49	3014656	27983249408	0	32667893760	574963712	58900480	1048576	46628864	0	0	13771915264	42221043712	32410796032	12760350720	0	0	16384	0	0	0
2026-01-28 08:04:50	3162112	27958050816	0	32725909504	564264960	69910528	3719168	48054272	0	0	13772062720	42173775872	32410779648	12760350720	16384	0	114688	0	0	0
2026-01-28 08:04:51	3424256	27967995904	0	32718995456	576978944	96862208	12091392	50053120	114688	32768	13772324864	42179674112	32410779648	12760350720	0	0	212992	0	0	0
2026-01-28 08:04:52	4259840	27975598080	0	32695566336	586956800	58736640	950272	46907392	950272	540672	13773438976	42199203840	32410714112	12760334336	65536	0	212992	0	0	0
2026-01-28 08:04:53	4259840	27977826304	0	32722239488	577748992	130793472	11862016	85442560	0	0	13773455360	42190520320	32410714112	12760334336	0	0	245760	0	0	0
2026-01-28 08:04:54	10436608	27970338816	0	32723648512	577110016	71090176	2392064	54034432	0	0	13779615744	42188718080	32410632192	12760317952	81920	0	65536	0	0	0
2026-01-28 08:04:55	10469376	27965947904	0	32705265664	573898752	99155968	12156928	50135040	0	16384	13779648512	42188046336	32410599424	12760317952	32768	0	212992	0	0	0
2026-01-28 08:04:56	10616832	28000419840	0	32631046144	588398592	55050240	1359872	39993344	0	0	13779812352	42256924672	32410583040	12760301568	16384	0	32768	0	0	0
2026-01-28 08:04:58	10665984	27979644928	0	32686161920	578912256	90095616	1310720	77316096	0	0	13779845120	42210885632	32410566656	12760301568	0	0	32768	0	0	0
2026-01-28 08:04:59	12058624	27982348288	0	32677429248	586366976	70729728	2801664	52690944	0	0	13781237760	42224812032	32410402816	12760236032	163840	0	81920	0	0	0
2026-01-28 08:05:00	16891904	27950956544	0	33202946048	552468480	107626496	12091392	61554688	0	0	13786087424	42160259072	32410189824	12760055808	212992	0	4489216	0	0	0
2026-01-28 08:05:01	16941056	27790491648	0	33631272960	546291712	55377920	950272	145424384	0	16384	13786202112	41844310016	32410140672	12760023040	49152	0	32768	0	0	0
2026-01-28 08:05:02	7946240	27747500032	0	33801666560	549158912	125861888	12550144	78266368	0	98304	13769048064	41738452992	32410091520	12760023040	49152	0	851968	704512	0	0
2026-01-28 08:05:03	8273920	27752087552	0	33289928704	559775744	95387648	1310720	83345408	0	0	13769572352	41759801344	32409993216	12759990272	98304	0	49152	0	0	0
2026-01-28 08:05:04	9093120	27840741376	0	32689291264	574717952	107364352	11976704	59211776	0	0	13770375168	42325950464	32409796608	12759941120	196608	0	704512	0	0	0
2026-01-28 08:05:05	9240576	28003368960	0	32741376000	576602112	70139904	1327104	55410688	0	32768	13770522624	42305339392	32409731072	12759941120	65536	0	65536	0	0	0
2026-01-28 08:05:06	9453568	28019720192	0	32727400448	534020096	145227776	11911168	100335616	0	0	13770752000	42318315520	32409731072	12759941120	0	0	212992	0	0	0
2026-01-28 08:05:07	9469952	28033335296	0	32686456832	574685184	58671104	950272	47136768	0	0	13770768384	42365976576	32409649152	12759924736	81920	0	16384	0	0	0
2026-01-28 08:05:08	9551872	28037939200	0	32693780480	587644928	144719872	13107200	90652672	0	0	13770850304	42348412928	32409501696	12759891968	147456	0	278528	0	0	0
2026-01-28 08:05:09	9682944	28038692864	0	32699760640	589545472	47972352	950272	37388288	0	0	13770981376	42338631680	32409501696	12759891968	0	0	16384	0	0	0
2026-01-28 08:05:10	9682944	27971796992	0	32793083904	553435136	69484544	6438912	41746432	0	32768	13771079680	42167828480	32409501696	12759891968	0	0	114688	0	0	0
2026-01-28 08:05:11	9732096	27970158592	0	32744701952	574406656	77578240	6062080	50315264	0	49152	13770948608	42208755712	32409501696	12759891968	0	0	114688	0	0	0
2026-01-28 08:05:12	10862592	27981889536	0	33002668032	589971456	66650112	2392064	50790400	0	0	13772062720	42242801664	32409485312	12759891968	16384	0	114688	0	0	0
2026-01-28 08:05:13	10895360	27970797568	0	33074987008	575324160	132562944	12484608	88899584	0	32768	13772095488	42203529216	32409436160	12759842816	49152	0	229376	0	0	0
2026-01-28 08:05:14	11010048	27752726528	0	33318502400	557432832	69124096	1359872	151928832	0	98304	13772275712	41753346048	32409403392	12759842816	32768	0	49152	0	0	0
2026-01-28 08:05:15	11026432	27770699776	0	32761593856	558104576	101498880	12091392	55197696	0	0	13772292096	42293493760	32409403392	12759842816	0	0	212992	0	0	0
2026-01-28 08:05:16	11026432	27912077312	0	32679182336	598720512	54951936	950272	42696704	0	0	13772308480	42375757824	32409387008	12759842816	16384	0	16384	0	0	0
2026-01-28 08:05:17	11124736	27970633728	0	32661045248	602144768	103235584	12500992	54312960	0	0	13772406784	42391715840	32409387008	12759842816	0	0	229376	0	0	0
2026-01-28 08:05:19	11173888	28032942080	0	32710590464	576421888	93995008	10928128	51412992	0	32768	13772455936	42330374144	32409321472	12759810048	65536	0	196608	0	0	0
2026-01-28 08:05:20	11255808	28002418688	0	32791920640	563363840	64602112	1359872	50708480	16384	0	13772521472	42267787264	32409321472	12759810048	0	0	32768	0	0	0
2026-01-28 08:05:21	11288576	27977678848	0	32742637568	586481664	109346816	11976704	61931520	753664	0	13772619776	42226057216	32409288704	12759760896	32768	0	212992	0	0	0
2026-01-28 08:05:22	11452416	27979546624	0	32730005504	587907072	44548096	1064960	32882688	0	0	13772685312	42226204672	32409288704	12759760896	0	0	16384	0	0	0
2026-01-28 08:05:23	11649024	28044623872	0	32764821504	576258048	341901312	2637824	99909632	0	0	13772881920	42358423552	32266649600	12702711808	142196736	0	65536	0	0	0
2026-01-28 08:05:24	11665408	28145991680	0	32714571776	584564736	164904960	11223040	61489152	0	0	13772881920	42483318784	32211206144	12670795776	55443456	0	196608	0	0	0
2026-01-28 08:05:25	11681792	28084748288	0	32751190016	573587456	70336512	3833856	49201152	0	16384	13772898304	42432462848	32211206144	12670795776	0	0	114688	0	0	0
2026-01-28 08:05:26	11681792	28114550784	0	32690716672	586645504	109461504	12599296	58851328	0	0	13772914688	42491674624	32211206144	12670795776	0	0	229376	0	0	0
2026-01-28 08:05:27	11681792	28119810048	0	32666124288	589381632	53313536	950272	41058304	0	0	13772914688	42513121280	32211206144	12670795776	0	0	16384	0	0	0
2026-01-28 08:05:28	11681792	28124823552	0	32693895168	589185024	129695744	12517376	82264064	0	0	13772914688	42485432320	32211206144	12670795776	0	0	229376	0	0	0
2026-01-28 08:05:29	11698176	28092121088	0	32741457920	576176128	46497792	409600	38240256	0	0	13772931072	42452205568	32211156992	12670779392	49152	0	16384	0	0	0
2026-01-28 08:05:30	11878400	28072984576	0	32797229056	562429952	101236736	11993088	56360960	0	16384	13773111296	42408656896	32211075072	12670713856	81920	0	212992	0	0	0
2026-01-28 08:05:31	17072128	28128854016	0	32717029376	586399744	92504064	3407872	57720832	0	0	13778763776	42498146304	32211075072	12670713856	0	0	442368	0	0	0
2026-01-28 08:05:32	17088512	28097232896	0	32744456192	589332480	92176384	6750208	57933824	0	0	13778878464	42474242048	32211075072	12670713856	0	0	131072	0	0	0
2026-01-28 08:05:33	32866304	28095332352	0	32736165888	590397440	141180928	6864896	100384768	0	0	13794639872	42475667456	32211075072	12670713856	0	0	131072	0	0	0
2026-01-28 08:05:34	35078144	28083109888	0	32772423680	582156288	97714176	950272	72728576	0	32768	13797244928	42449371136	32206798848	12667994112	4276224	0	65536	0	0	0
2026-01-28 08:05:35	35684352	28084584448	0	12413534208	582664192	100139008	11485184	60063744	0	0	13798277120	42663477248	32206716928	12667961344	81920	0	212992	0	0	0
